id,checkpoint_path,logit_cosine,prob_cosine,inverse_kl,symmetric_inverse_kl,top1_agreement,top5_overlap,margin_similarity,confidence_similarity,same_correct,same_wrong,confidence_corr,target_acc,suspect_acc,acc_similarity,load_error
0,suspect_models\suspect_000.safetensors,0.5519198709608987,0.5887834805854746,0.5205723294172436,0.5020991853173822,0.531075,0.48519001185819505,0.15302144227223471,0.5987972285315395,0.53105,2.5e-05,0.11379872747952306,0.999875,0.53105,0.680816298742192,
1,suspect_models\suspect_001.safetensors,0.12336324115174939,0.08389990047980997,0.2743778709836304,0.3111402443345636,0.045075,0.10830000191703439,0.12241665104655548,0.2739925429463387,0.045075,0.0,0.01924308987687523,0.999875,0.045075,0.511561285041948,
2,suspect_models\suspect_002.safetensors,0.9225792564868927,0.9999816054150462,0.9397143273361027,0.9396021574944258,0.9999,0.6305400148939341,0.5201717646218836,0.9959272325262427,0.999825,7.5e-05,0.5811414536003575,0.999875,0.999875,1.0,
3,suspect_models\suspect_003.safetensors,0.6916140218514949,0.8396858128170945,0.633771004233323,0.6324157226236538,0.8147,0.5164250126045197,0.25956973088048396,0.857987840397656,0.814625,7.5e-05,0.12211652027585361,0.999875,0.81465,0.8437216562256112,
4,suspect_models\suspect_004.safetensors,0.9999999881669879,0.9999999999389052,0.9999999985724688,0.9999999936819076,1.0,0.9998450000092387,0.9992897325530649,0.9999974594160914,0.999875,0.000125,0.9999998065579349,0.999875,0.999875,1.0,
5,suspect_models\suspect_005.safetensors,0.8909502869471908,0.987283467102582,0.8137756214577705,0.8259389721982181,0.985375,0.6490400145620108,0.36999653568444774,0.9665145812734961,0.985325,5e-05,0.16655114133974758,0.999875,0.9854,0.985731536016166,
6,suspect_models\suspect_006.safetensors,0.9237521159380674,0.9999539882257581,0.9403168648689986,0.9400512908108533,0.99975,0.6353300147622823,0.5222596892189234,0.9959815234139562,0.99975,0.0,0.564264349918141,0.999875,0.999875,1.0,
7,suspect_models\suspect_007.safetensors,0.3445848734775558,0.22510282423236058,0.3162559272225946,0.36482921833358706,0.1428,0.23833000519201158,0.11852839597417042,0.1443437883451581,0.1428,0.0,0.031248748971267105,0.999875,0.1428,0.5384812137366558,
8,suspect_models\suspect_008.safetensors,0.9897783946722746,0.9999939816564322,0.9913314387410879,0.9915463046044112,0.9999,0.8594250082530082,0.7081153336763382,0.9985186538755894,0.999825,7.5e-05,0.9260076269502774,0.999875,0.999875,1.0,
9,suspect_models\suspect_009.safetensors,0.8688507351383566,0.9925422235037317,0.7421389500856399,0.7758682497411966,0.991675,0.6526350145079195,0.3765418688424863,0.9782326553598046,0.9916,7.5e-05,0.12807200319426668,0.999875,0.99165,0.991842098737881,
10,suspect_models\suspect_010.safetensors,0.15347784492726788,0.12837768730682791,0.290467919947207,0.3250047072486952,0.08395,0.13797000261619688,0.12163004996534436,0.2608442514359951,0.08395,0.0,0.030976787722642663,0.999875,0.083975,0.521947909598622,
11,suspect_models\suspect_011.safetensors,0.5936310066066682,0.4365466728700069,0.3952490605104715,0.43405442696921526,0.3687,0.442000010503456,0.13929136387230828,0.2878662030056119,0.36865,5e-05,0.07857586455009356,0.999875,0.368675,0.6130456105934281,
12,suspect_models\suspect_012.safetensors,0.4760912090500817,0.46018945324184063,0.4428348752550781,0.4379504899092019,0.39305,0.41188500981889664,0.13339583364874125,0.46520814985781905,0.393025,2.5e-05,0.08172425231130907,0.999875,0.39305,0.6223453082943071,
13,suspect_models\suspect_013.safetensors,0.8725431592479348,0.9999242988593876,0.8052515835046768,0.8343539166502655,0.99975,0.5873400144111365,0.412052141575329,0.9960693443745374,0.999725,2.5e-05,0.5514950948678576,0.999875,0.999825,0.9999500024998751,
14,suspect_models\suspect_014.safetensors,0.9948531869411469,0.9999959678187966,0.9953579287782311,0.9954193421185017,0.9999,0.8982000060398132,0.748999030097574,0.9988118912786246,0.999825,7.5e-05,0.9552414482012203,0.999875,0.999875,1.0,
15,suspect_models\suspect_015.safetensors,0.6594753445592709,0.5567139738031132,0.4454695272851735,0.47394592452049256,0.5012,0.5113550120905042,0.1426507728642784,0.3868204387575388,0.501125,7.5e-05,0.11211683730890866,0.999875,0.50115,0.667233815409765,
16,suspect_models\suspect_016.safetensors,0.8501139600448311,0.9918885216448543,0.8661038284003735,0.872952260286361,0.990825,0.628615014649555,0.4400534835865721,0.9857542616963386,0.990725,0.0001,0.08753563643409372,0.999875,0.99075,0.9909575126966431,
17,suspect_models\suspect_017.safetensors,0.8141528762564063,0.9998032264068722,0.773754616665095,0.7566490612834692,0.999825,0.5109400128897279,0.33423563997540623,0.9580711100101471,0.99975,7.5e-05,0.19807913372407304,0.999875,0.9998,0.9999250056245783,
18,suspect_models\suspect_018.safetensors,0.34325103707911914,0.2627906949699288,0.34500019093491135,0.36964023786596956,0.185575,0.2754100061327219,0.12027013850407675,0.25376267024576665,0.185575,0.0,0.05180870223028879,0.999875,0.185575,0.5511767623876977,
19,suspect_models\suspect_019.safetensors,0.9605343208175152,0.993017945146063,0.9654823198791593,0.9652539506632835,0.991875,0.7230300135802478,0.5840945079198107,0.9894967109188437,0.991775,0.0001,0.1929156565869355,0.999875,0.9918,0.9919896833072938,
20,suspect_models\suspect_020.safetensors,0.32096354162254137,0.2029194790679714,0.3111594361051917,0.3609408013783395,0.118075,0.21635000464841722,0.11825208453461528,0.13756809328496455,0.118075,0.0,0.029635186902588564,0.999875,0.118075,0.5314061005420343,
21,suspect_models\suspect_021.safetensors,0.9847800866261125,0.9996759194514249,0.9517755138456822,0.9529275138132274,0.999675,0.8027350110284984,0.5254365825928747,0.9928221495479346,0.9996,7.5e-05,0.42212233585962833,0.999875,0.99965,0.999775050613612,
22,suspect_models\suspect_022.safetensors,0.9771712293103337,0.9993390936270357,0.9414153001658618,0.9403911999724806,0.999375,0.7795350119773299,0.4815666629137471,0.9864991802945733,0.999325,5e-05,0.38733893830493615,0.999875,0.9994,0.999525225517879,
23,suspect_models\suspect_023.safetensors,0.7946478398730047,0.7735534327578629,0.5570887475050986,0.5706095848418772,0.750375,0.6028200141701847,0.17869030692912638,0.5844811731636524,0.7503,7.5e-05,0.1661597977415493,0.999875,0.750325,0.8002881037173383,
24,suspect_models\suspect_024.safetensors,0.9522132912635803,0.9974363205331378,0.9121420247219503,0.9117353090502321,0.9975,0.7273250134799629,0.4286470743348822,0.9781967519715429,0.9974,0.0001,0.2900856240824002,0.999875,0.997425,0.9975559878298169,
25,suspect_models\suspect_025.safetensors,0.9361832209184766,0.9914783029035432,0.8857926688924431,0.883812075162679,0.990775,0.6934600139770657,0.3925966355362907,0.961036426846683,0.9907,7.5e-05,0.22704024063503167,0.999875,0.99075,0.9909575126966431,
26,suspect_models\suspect_026.safetensors,0.9421166119560599,0.9937384643067606,0.895722771974653,0.8940031681984663,0.99375,0.7021250139217824,0.403384729757905,0.9648747393250465,0.99365,0.0001,0.25891590162630496,0.999875,0.993675,0.9938382031405287,
27,suspect_models\suspect_027.safetensors,0.592054096937878,0.6363073803264844,0.5568921286631375,0.5372893701419235,0.5844,0.5227750127661973,0.16921693194741383,0.6512756748571992,0.584325,7.5e-05,0.13872649328107708,0.999875,0.584325,0.7064391932464412,
28,suspect_models\suspect_028.safetensors,0.9841293424695731,0.9997478731488111,0.9492502184130251,0.9505027775511146,0.9998,0.7996450111761689,0.5201586307996884,0.9925807165399194,0.999725,7.5e-05,0.41034048385499305,0.999875,0.999775,0.9999000099990001,
29,suspect_models\suspect_029.safetensors,0.933107601262629,0.9913302088394296,0.8825230555735528,0.8797203920759261,0.990675,0.6867300140485167,0.3828777255157009,0.9584157169103622,0.9906,7.5e-05,0.22624323637233876,0.999875,0.99065,0.9908593227476531,
30,suspect_models\suspect_030.safetensors,0.924340225584805,0.9999879216715694,0.940557120886445,0.940493810813129,1.0,0.6372650147769601,0.5233958344535902,0.9959841167405248,0.999875,0.000125,0.5988694914364797,0.999875,0.999875,1.0,
31,suspect_models\suspect_031.safetensors,0.9140568771719932,0.9999885998368263,0.9331100469611585,0.9344190716482699,0.999925,0.6197850148499012,0.510782135759294,0.9962497150138021,0.99985,7.5e-05,0.6460647014362841,0.999875,0.9999,0.9999750006249845,
32,suspect_models\suspect_032.safetensors,0.7911112252513878,0.8989373979596028,0.8116039813883602,0.8050804010745138,0.8861,0.5974550143238158,0.3244278576742858,0.8864971272468567,0.886075,2.5e-05,0.17374895121135153,0.999875,0.886175,0.8979078746520608,
33,suspect_models\suspect_033.safetensors,0.7139005836882745,0.7087917628791098,0.6608199524387717,0.6637078391492367,0.674275,0.5294850127402693,0.26902524819169193,0.7393856510475277,0.6742,7.5e-05,0.11397695093051198,0.999875,0.674225,0.7543469241504168,
34,suspect_models\suspect_034.safetensors,0.9630532789424062,0.9982970028658353,0.9196605647221208,0.9225144999437034,0.998375,0.7431650131385773,0.4643050511792302,0.9847786642596126,0.9983,7.5e-05,0.27846398586624665,0.999875,0.99835,0.9984773220838222,
35,suspect_models\suspect_035.safetensors,0.9968161823511124,0.9999964146062732,0.9872608184024692,0.9874936661809682,0.99995,0.899045005979389,0.6837714767053723,0.9979792554959654,0.99985,0.0001,0.8856018289018295,0.999875,0.999875,1.0,
36,suspect_models\suspect_036.safetensors,0.5524588810344693,0.5765197876171132,0.5186924555018544,0.5014776984367519,0.520725,0.47926501172222197,0.1560148222256452,0.596895302323997,0.520675,5e-05,0.10645367056177646,0.999875,0.5207,0.6760525292815253,
37,suspect_models\suspect_037.safetensors,0.6868788472150452,0.8515090301896294,0.6642995418164879,0.6510246924325824,0.825675,0.5351050129283219,0.2394137646042742,0.8255418016672135,0.82565,2.5e-05,0.1382119710363203,0.999875,0.825725,0.8516799386790443,
38,suspect_models\suspect_038.safetensors,0.9231681324720382,0.9999681503802538,0.9404325928390026,0.9401469545602799,0.99985,0.6346150147806853,0.5225828149098903,0.9959074342444539,0.9998,5e-05,0.551257895040688,0.999875,0.999875,1.0,
39,suspect_models\suspect_039.safetensors,0.9142631436288357,0.999926194357872,0.9295906103331596,0.9282833952248096,0.9998,0.6065750146273523,0.5032193183156661,0.9957422258362174,0.99975,5e-05,0.41067133109711224,0.999875,0.999825,0.9999500024998751,
40,suspect_models\suspect_040.safetensors,0.9999999734580517,1.0000000000759959,0.9999999436587095,0.9999999395459891,1.0,0.9996850000187755,0.998592011629045,0.999994996522367,0.999875,0.000125,0.9999992587415275,0.999875,0.999875,1.0,
41,suspect_models\suspect_041.safetensors,0.9143963739275932,0.999958556509018,0.9349949616000056,0.9356725980013609,0.999875,0.6208950149200857,0.5149682796530426,0.9961453729301691,0.999825,5e-05,0.470610231934067,0.999875,0.9999,0.9999750006249845,
42,suspect_models\suspect_042.safetensors,0.9041320916876197,0.9995602859705687,0.7420463326737284,0.7300698184028268,0.999825,0.6690800145298242,0.23817526270002126,0.928822769485414,0.9998,2.5e-05,0.26663143494184977,0.999875,0.9999,0.9999750006249845,
43,suspect_models\suspect_043.safetensors,0.7859267220120877,0.7168115423529511,0.563230522980541,0.5781054882131517,0.681,0.6034650135710835,0.18962103747976944,0.5878598062589765,0.680925,7.5e-05,0.16837812841976493,0.999875,0.680925,0.7581788543917509,
44,suspect_models\suspect_044.safetensors,0.6819019825734198,0.7741233870262872,0.6415881265129894,0.6243901301477104,0.7382,0.5712900137413293,0.22381331026228143,0.785796987965703,0.73815,5e-05,0.1511432060946604,0.999875,0.738175,0.7925814377427282,
45,suspect_models\suspect_045.safetensors,0.9982997506290674,0.9999984290271997,0.9947552676126361,0.9948490613237023,0.99995,0.9320500040419399,0.7651852558359504,0.9987555554270744,0.99985,0.0001,0.956244088466351,0.999875,0.999875,1.0,
46,suspect_models\suspect_046.safetensors,0.9999999884843827,1.0000000001460314,0.999999999165535,0.9999999938338995,1.0,0.9998800000071526,0.9992898513674736,0.999997476272285,0.999875,0.000125,0.9999998147142704,0.999875,0.999875,1.0,
47,suspect_models\suspect_047.safetensors,0.7270694730321411,0.6403289671300693,0.48650514408499,0.5090115373831242,0.5949,0.5576100130122155,0.15396126970043406,0.47453468828201295,0.594825,7.5e-05,0.14470716262368807,0.999875,0.59485,0.7117311079874024,
48,suspect_models\suspect_048.safetensors,0.6385291546514723,0.5308121251342456,0.42100116200074555,0.45279478981792926,0.474975,0.49888501180373135,0.13503936103796588,0.3350018987223506,0.474925,5e-05,0.10346973634811431,0.999875,0.47495,0.6557699558994704,
49,suspect_models\suspect_049.safetensors,0.6303949613466393,0.6937285707095158,0.5081084269382059,0.5169253866959364,0.658225,0.5044400121223181,0.14390679472154005,0.49889163745343684,0.658175,5e-05,0.1514172974521033,0.999875,0.658225,0.7453508739238996,
50,suspect_models\suspect_050.safetensors,0.6408930251004175,0.5464501416170162,0.4449355195630342,0.4720793412502855,0.487775,0.48965501177199183,0.14518113929964602,0.41035260066241025,0.487725,5e-05,0.10019027674892832,0.999875,0.487725,0.6613100552193897,
51,suspect_models\suspect_051.safetensors,0.5149898360672814,0.5327859290456396,0.5197107183974237,0.5171838503595442,0.485675,0.40886000966206193,0.18160578825389967,0.6257946637943387,0.48565,2.5e-05,0.10766930839496093,0.999875,0.485675,0.660414740457007,
52,suspect_models\suspect_052.safetensors,0.3991532684307662,0.38560965776875616,0.42769326278083025,0.4334306126140058,0.3302,0.3193350071679801,0.14847504212725907,0.5030759515717625,0.330175,2.5e-05,0.07087159792616952,0.999875,0.3302,0.5989189512929163,
53,suspect_models\suspect_053.safetensors,0.977994287455082,0.9994046997121535,0.9437879621677101,0.9428920420877636,0.999575,0.7819250118497759,0.48975124053489416,0.9874074226945638,0.999475,0.0001,0.35279809150306035,0.999875,0.9995,0.9996251405722854,
54,suspect_models\suspect_054.safetensors,0.9977554296568036,0.9999970122694969,0.9893771721065044,0.9896379334896803,1.0,0.9162950049750507,0.6981937313873321,0.9982980240285396,0.999875,0.000125,0.918806094746389,0.999875,0.999875,1.0,
55,suspect_models\suspect_055.safetensors,0.7439277394333389,0.6548311919500993,0.48965130120553074,0.5134140308652073,0.61615,0.5772750133387744,0.1585179826270789,0.4612663677588105,0.616075,7.5e-05,0.14546776223563715,0.999875,0.616075,0.7226477814713109,
56,suspect_models\suspect_056.safetensors,0.9156465410247445,0.9998294562458993,0.9116029946163297,0.9140949124947191,0.9997,0.6227550146508962,0.4660119840541854,0.9934441787093877,0.999675,2.5e-05,0.3082118883470686,0.999875,0.999775,0.9999000099990001,
57,suspect_models\suspect_057.safetensors,0.977877903264761,0.9994864030722529,0.9435619687899948,0.9426678388819099,0.99955,0.7807550119094551,0.4927093373980373,0.9873633731767535,0.999525,2.5e-05,0.37866801642874637,0.999875,0.999625,0.999750062484379,
58,suspect_models\suspect_058.safetensors,0.33528186507945645,0.25557095513943906,0.34194212634824217,0.367203439200297,0.17825,0.2679450058579445,0.12059079513316974,0.2539453624099493,0.17825,0.0,0.02931373125533386,0.999875,0.17825,0.5489604062307006,
59,suspect_models\suspect_059.safetensors,0.7133891554391012,0.8894490946803664,0.6802941848322749,0.6753866780918092,0.8719,0.536995013063401,0.2671546254781075,0.8649895259544254,0.87185,5e-05,0.1376687508821797,0.999875,0.8719,0.886544471287041,
60,suspect_models\suspect_060.safetensors,0.39063007121956905,0.3812067377404362,0.4254301057163626,0.43108627903312446,0.32725,0.31605500703938305,0.14825088630830868,0.5042713167473674,0.327225,2.5e-05,0.07807039700975901,0.999875,0.32725,0.5978626410582168,
61,suspect_models\suspect_061.safetensors,0.9189379920005798,0.9999622849836945,0.9396974785555154,0.9373399521365762,0.9998,0.6119950146015734,0.5144981472703628,0.9964114524945616,0.999775,2.5e-05,0.5289389520881655,0.999875,0.999875,1.0,
62,suspect_models\suspect_062.safetensors,0.636408316781919,0.5416883325453331,0.4476989373423159,0.4744403501622379,0.48455,0.48417001156024636,0.14641518540037796,0.4119007363423705,0.4845,5e-05,0.09626410952151584,0.999875,0.4845,0.6599026643570074,
63,suspect_models\suspect_063.safetensors,0.3834854793316685,0.31218832341546715,0.36581766644865277,0.38457993110828104,0.236425,0.3133850070606917,0.12257284466456622,0.2973652345329523,0.2364,2.5e-05,0.04393291781591586,0.999875,0.2364,0.5670621925459675,
64,suspect_models\suspect_064.safetensors,0.9999999704182148,1.0000000000178815,0.9999999346017837,0.9999999311119318,1.0,0.9996750000193715,0.9985199929863214,0.9999947035640478,0.999875,0.000125,0.9999992075533598,0.999875,0.999875,1.0,
65,suspect_models\suspect_065.safetensors,0.4547000797775341,0.4267157868181316,0.4214201922852546,0.4221732441600412,0.354775,0.391710009297356,0.12892928637228906,0.41917816188037393,0.354725,5e-05,0.07475108924247724,0.999875,0.35475,0.6078565458551782,
66,suspect_models\suspect_066.safetensors,0.8587558277077972,0.9926735258760673,0.8738483496733009,0.8810772138312459,0.991775,0.6398300145715475,0.45255279045403,0.9873540348619223,0.99165,0.000125,0.092255093270109,0.999875,0.99165,0.991842098737881,
67,suspect_models\suspect_067.safetensors,0.5499768430925905,0.5630621369757071,0.5137838256187737,0.4980613647475839,0.503175,0.4791550117325038,0.15339649169351904,0.5907020758464933,0.503125,5e-05,0.11396587310422275,0.999875,0.503175,0.6681365671143182,
68,suspect_models\suspect_068.safetensors,0.9183100685730576,0.9999786257714033,0.9365466153033077,0.9372951731421053,0.9999,0.6267350149888545,0.5150893856136128,0.9959730638593435,0.999825,7.5e-05,0.5227291653330407,0.999875,0.999875,1.0,
69,suspect_models\suspect_069.safetensors,0.2178549614981399,0.1455578607254065,0.30773611412756147,0.3373044374708086,0.096675,0.1682550032440573,0.12608940306231378,0.3348476504787803,0.096675,0.0,0.033364891888066586,0.999875,0.096675,0.5254308532997057,
70,suspect_models\suspect_070.safetensors,0.8907261127993464,0.9998945602275431,0.91218671826832,0.9134375353094191,0.999825,0.5895100145000964,0.48324603955857454,0.9954517592474819,0.999775,5e-05,0.5205629343957962,0.999875,0.99985,0.9999750006249845,
71,suspect_models\suspect_071.safetensors,0.9999999949663877,1.0000000004768372,1.0000000124931336,1.0000000124931336,1.0,1.0,1.0,1.0,0.999875,0.000125,0.9999999999999998,0.999875,0.999875,1.0,
72,suspect_models\suspect_072.safetensors,0.9999999722346663,1.0000000000998377,0.9999999412626028,0.9999999376446008,1.0,0.9997550000146032,0.9985830502331257,0.9999949267700314,0.999875,0.000125,0.9999991622710882,0.999875,0.999875,1.0,
73,suspect_models\suspect_073.safetensors,0.9421878287091852,0.9981956670108252,0.8934225611947477,0.899625005518645,0.998275,0.72298001380153,0.44577466865368187,0.9864376607626677,0.9982,7.5e-05,0.2846969992774225,0.999875,0.99825,0.998377636340946,
74,suspect_models\suspect_074.safetensors,0.6246854172632564,0.5240877290296375,0.41240710775740447,0.4455596414707601,0.4682,0.4869350117821246,0.13390347514459863,0.319297701048851,0.46815,5e-05,0.09221257944671295,0.999875,0.468175,0.6528693608408958,
75,suspect_models\suspect_075.safetensors,0.8737082635268569,0.999956404159218,0.8108850866857916,0.8386839106738567,0.999775,0.5867900142800063,0.41104847289659086,0.9960492666989564,0.99975,2.5e-05,0.5679302240052353,0.999875,0.99985,0.9999750006249845,
76,suspect_models\suspect_076.safetensors,0.7407690474409144,0.6547473906748215,0.47218912904635074,0.49746553277634087,0.6172,0.5791300135694444,0.14823078795652836,0.4306939635053277,0.617125,7.5e-05,0.14271622655310784,0.999875,0.61715,0.7232096042235441,
77,suspect_models\suspect_077.safetensors,0.9177540066555142,0.9999887703210115,0.9342930676005781,0.9358639756686985,0.99995,0.63374501481466,0.5111006169782951,0.9959963155224919,0.99985,0.0001,0.5742670779441336,0.999875,0.999875,1.0,
78,suspect_models\suspect_078.safetensors,0.9990503220081329,0.999998223502934,0.9951516573056579,0.9952402257218957,0.99995,0.9409950035147369,0.7722312252297997,0.9987952127069235,0.99985,0.0001,0.9601611462951739,0.999875,0.999875,1.0,
79,suspect_models\suspect_079.safetensors,0.8898817638178356,0.8905970610474913,0.8385205597110093,0.839864010727033,0.87575,0.6615250139910728,0.43110159578155727,0.8893802988812327,0.87565,0.0001,0.13335380795812876,0.999875,0.87565,0.8895016566968356,
80,suspect_models\suspect_080.safetensors,0.32857470447429804,0.24393603658049928,0.33931206820234655,0.3655998490605503,0.165825,0.25857000561244786,0.12060526840612293,0.25406308373361824,0.165825,0.0,0.03199188741125488,0.999875,0.165825,0.5452414056323437,
81,suspect_models\suspect_081.safetensors,0.9999999880552292,0.9999999998956919,0.9999999972999096,0.9999999917685986,1.0,0.9998400000095368,0.9992572338670492,0.9999973407894373,0.999875,0.000125,0.9999997761622795,0.999875,0.999875,1.0,
82,suspect_models\suspect_082.safetensors,0.999999988155067,1.0000000000149012,0.9999999987334013,0.9999999935597181,1.0,0.9998400000095368,0.9992873392790556,0.9999974731713533,0.999875,0.000125,0.9999998119568855,0.999875,0.999875,1.0,
83,suspect_models\suspect_083.safetensors,0.9999999884963036,1.0000000000104308,0.999999997279048,0.9999999923348427,1.0,0.9998650000080467,0.9992646735563874,0.9999973611265421,0.999875,0.000125,0.9999997877634467,0.999875,0.999875,1.0,
84,suspect_models\suspect_084.safetensors,0.3903780186994234,0.3825404080759905,0.42560761651694773,0.43062900117337705,0.32805,0.31696500705964864,0.14817272471236065,0.5050164960101247,0.32805,0.0,0.06711795517342493,0.999875,0.328075,0.5981576743629621,
85,suspect_models\suspect_085.safetensors,0.6521892858903157,0.5489644865061104,0.4444065722521395,0.4729747188091278,0.492575,0.5062450119376183,0.1431039586021565,0.3863794711396098,0.4925,7.5e-05,0.1090718856434364,0.999875,0.4925,0.663404925781574,
86,suspect_models\suspect_086.safetensors,0.9896586081638932,0.9999522547595203,0.9626103576369583,0.9641364167161286,0.99995,0.8342300095450134,0.5628735756346956,0.9958683019116521,0.99985,0.0001,0.6043173745364039,0.999875,0.999875,1.0,
87,suspect_models\suspect_087.safetensors,0.5378312823133078,0.3740033571381966,0.37451283375397326,0.41549185635708274,0.301975,0.3881850090503693,0.13314120313394814,0.2653687981799245,0.301925,5e-05,0.07426078992343658,0.999875,0.301925,0.5889454930946141,
88,suspect_models\suspect_088.safetensors,0.8190617595270276,0.999838804915268,0.8155963513702155,0.798657207518816,0.99975,0.5140950131360441,0.3705099898086861,0.9726498634755611,0.9997,5e-05,0.24125387124252223,0.999875,0.999775,0.9999000099990001,
89,suspect_models\suspect_089.safetensors,0.9244727943271398,0.9999644446641207,0.9392947668783367,0.9393589089520276,0.999875,0.6347250148449093,0.5203155948497356,0.9959066497817636,0.999825,5e-05,0.5918992214791923,0.999875,0.9999,0.9999750006249845,
90,suspect_models\suspect_090.safetensors,0.9684793193027377,0.9984584802145139,0.9267214187778533,0.9253769250325858,0.998575,0.7518000128734856,0.454445443277061,0.9810245966017246,0.9985,7.5e-05,0.29962086167270296,0.999875,0.99855,0.998676753301875,
91,suspect_models\suspect_091.safetensors,0.9782917415127158,0.9993998359322548,0.9446626938343048,0.9436900668971241,0.99945,0.7818250118102879,0.49018470397554337,0.9874864481076598,0.99935,0.0001,0.37419325167081674,0.999875,0.999375,0.9995002498750625,
92,suspect_models\suspect_092.safetensors,0.5169558941611205,0.3449995097819385,0.35285554684251547,0.3978236573707312,0.268675,0.3745750086594373,0.1272904428609647,0.20778040782660245,0.26865,2.5e-05,0.052162661687301916,0.999875,0.26865,0.5776256696847608,
93,suspect_models\suspect_093.safetensors,0.6942915450520813,0.7670286799888614,0.6427188754715025,0.6265091046068817,0.7308,0.5915700139898806,0.2224672902761027,0.7839479684829712,0.730725,7.5e-05,0.16152318487252382,0.999875,0.73075,0.787944449916281,
94,suspect_models\suspect_094.safetensors,0.7533869708372047,0.6716484176485333,0.4956125630285591,0.5181436741512269,0.633875,0.586985013538599,0.15797632723310961,0.4707388238579035,0.633825,5e-05,0.15100621940848233,0.999875,0.63385,0.7320510239563698,
95,suspect_models\suspect_095.safetensors,0.4453396886181552,0.3042360076760238,0.3516164843287319,0.39382903760150073,0.229075,0.31363000710979105,0.12749350639451296,0.2529391091480851,0.229075,0.0,0.05843589869213114,0.999875,0.229075,0.56471651231082,
96,suspect_models\suspect_096.safetensors,0.9838854755356908,0.9997186124434695,0.9501997283473611,0.9514873758353293,0.9997,0.7969850112516433,0.5212845938902348,0.992592402727902,0.99965,5e-05,0.4083540618690321,0.999875,0.999725,0.9998500224966254,
97,suspect_models\suspect_097.safetensors,0.923101121391356,0.999961331230402,0.9402141543023288,0.93961174518466,0.9998,0.6349950147110969,0.5218104577962309,0.9958556770309805,0.999775,2.5e-05,0.5880628123400398,0.999875,0.999875,1.0,
98,suspect_models\suspect_098.safetensors,0.5136545595872216,0.5341184570009794,0.5184108384802938,0.5169247136998921,0.487025,0.40544500963799657,0.18097208299646153,0.6182783699214458,0.486975,5e-05,0.10856424018866054,0.999875,0.487,0.6609931421961497,
99,suspect_models\suspect_099.safetensors,0.9187768941476941,0.9999239796027541,0.9228476508595049,0.9243918686207384,0.9998,0.6267900146901607,0.4850859866403975,0.9948002051293849,0.999775,2.5e-05,0.35952418781853596,0.999875,0.999875,1.0,
100,suspect_models\suspect_100.safetensors,0.4422775898122287,0.29472975300231735,0.34590069694444536,0.38989461394585667,0.217825,0.3051200069513172,0.12658454259708524,0.23249866431057453,0.2178,2.5e-05,0.05155119457022431,0.999875,0.2178,0.561143610678563,
101,suspect_models\suspect_101.safetensors,0.9454992170915008,0.9973105611589271,0.9038326151445508,0.9068416400104761,0.9973,0.7244700136553496,0.4351933172687888,0.9825496052071452,0.997225,7.5e-05,0.2669891965923345,0.999875,0.997275,0.9974067424695792,
102,suspect_models\suspect_102.safetensors,0.9695252715051175,0.9990035733642056,0.9320693874515593,0.9311545950628817,0.9991,0.7578900126483291,0.4626513338183053,0.9841005966946482,0.99905,5e-05,0.3218517085555349,0.999875,0.999125,0.9992505620784411,
103,suspect_models\suspect_103.safetensors,0.1824366133465781,0.16012146369982178,0.31046454681456087,0.338842277915217,0.11645,0.1764100036382675,0.12665148381590843,0.32840783924907446,0.11645,0.0,0.024404447645874537,0.999875,0.1165,0.5309617043870711,
104,suspect_models\suspect_104.safetensors,0.9983350253865123,0.9999982617154718,0.9936878095149994,0.9938401974529028,0.99995,0.931020004105568,0.7495828555047512,0.9986694422677159,0.99985,0.0001,0.9544055001171942,0.999875,0.999875,1.0,
105,suspect_models\suspect_105.safetensors,0.9999999882102013,1.0000000000149012,0.9999999958336353,0.9999999911010266,1.0,0.9998150000110269,0.999246736997366,0.9999973367750644,0.999875,0.000125,0.9999997958576773,0.999875,0.999875,1.0,
106,suspect_models\suspect_106.safetensors,0.40093867454529974,0.4105361906340478,0.4052434127237648,0.41061422404386105,0.3445,0.3430050077524036,0.1274143574303016,0.3818579534813762,0.34445,5e-05,0.08037194078530517,0.999875,0.34445,0.6040744823836779,
107,suspect_models\suspect_107.safetensors,0.8258408768453636,0.774304193356054,0.5925169766645878,0.604380430014059,0.746175,0.6385000140063465,0.19823584611620754,0.6293662847161293,0.7461,7.5e-05,0.19125787961476373,0.999875,0.7461,0.7975912743514585,
108,suspect_models\suspect_108.safetensors,0.9719460523381829,0.9990162224425003,0.9348859000951052,0.9344271375529468,0.99895,0.7625900125361978,0.4729203226593323,0.985398529407382,0.998875,7.5e-05,0.32858471977956205,0.999875,0.998925,0.9990509016434387,
109,suspect_models\suspect_109.safetensors,0.9999999880999326,0.9999999999821186,0.9999999969512224,0.9999999922305346,1.0,0.9998250000104308,0.9992573657408357,0.9999973658308386,0.999875,0.000125,0.999999794924056,0.999875,0.999875,1.0,
110,suspect_models\suspect_110.safetensors,0.9976028109759092,0.9999793823316693,0.989816359694302,0.9898219991996884,0.99985,0.910855005293712,0.7008105253972113,0.9979493157804012,0.999775,7.5e-05,0.8326857862054695,0.999875,0.999825,0.9999500024998751,
111,suspect_models\suspect_111.safetensors,0.9140024433448911,0.9999807022199034,0.9345007806733251,0.9352528096213937,0.999875,0.6245750147476792,0.5135370331654325,0.996219754986465,0.999825,5e-05,0.6172453090278819,0.999875,0.9999,0.9999750006249845,
112,suspect_models\suspect_112.safetensors,0.9116941374957561,0.9999778864130378,0.9299236057981849,0.9314154352404177,0.9999,0.6142800148069859,0.5051401834085584,0.9960043589994312,0.999825,7.5e-05,0.5869257605861531,0.999875,0.999875,1.0,
113,suspect_models\suspect_113.safetensors,0.579083524341043,0.6105631974076937,0.5662056853551417,0.5527896251544356,0.5634,0.47145001124031843,0.1723093410352245,0.65575181427598,0.5634,0.0,0.1283412449372711,0.999875,0.5634,0.696148558102299,
114,suspect_models\suspect_114.safetensors,0.977714705581963,0.9994729121904821,0.9421356828205287,0.9410464555874467,0.999525,0.7815200118392706,0.4855136592352763,0.9871120666772127,0.999425,0.0001,0.36031108145690055,0.999875,0.99945,0.9995751805482671,
115,suspect_models\suspect_115.safetensors,0.9794142438426614,0.9994550523139536,0.9445843793720007,0.943695504822582,0.999475,0.78856501159966,0.49152232396956536,0.9879456442788244,0.999425,5e-05,0.3963852662346246,0.999875,0.9995,0.9996251405722854,
116,suspect_models\suspect_116.safetensors,0.9999999883189797,1.0000000000417233,0.9999999969869852,0.9999999918490649,1.0,0.9998550000086427,0.9992560056596994,0.999997336409986,0.999875,0.000125,0.9999997808761186,0.999875,0.999875,1.0,
117,suspect_models\suspect_117.safetensors,0.39484104895604544,0.38447935721223564,0.4269175535261631,0.43317569061368705,0.3294,0.3187650071233511,0.14878260684292763,0.5037150136679411,0.3294,0.0,0.07229160614928633,0.999875,0.329425,0.5986410847376455,
118,suspect_models\suspect_118.safetensors,0.9124349263861775,0.99998520539999,0.9329201503306628,0.9339758137308061,0.999875,0.6186200147185474,0.5110570639669895,0.9961809394478798,0.999825,5e-05,0.5994963236698582,0.999875,0.9999,0.9999750006249845,
119,suspect_models\suspect_119.safetensors,0.36709914899688445,0.2997901083859505,0.35933747066408395,0.37935262212008236,0.226475,0.3011050067469478,0.12176435411563143,0.28947886559963226,0.226475,0.0,0.05291832105243469,0.999875,0.226475,0.563888575617458,
120,suspect_models\suspect_120.safetensors,0.11776647223129985,0.10635260363360254,0.28013928038273006,0.31168983895778657,0.06765,0.12938500255085528,0.12240186877148226,0.30920379827022554,0.067625,2.5e-05,0.010300986382364277,0.999875,0.06765,0.517538071394377,
121,suspect_models\suspect_121.safetensors,0.9841125363215804,0.9997366036070744,0.9499815075777471,0.9509219419658184,0.999775,0.7991000111311675,0.5195185251284391,0.9924263211980462,0.9997,7.5e-05,0.37485175566573176,0.999875,0.99975,0.9998750156230471,
122,suspect_models\suspect_122.safetensors,0.711325436777505,0.6099809726239525,0.5157670058440417,0.5357288551021367,0.560825,0.5406950124230235,0.1768345718810335,0.5300297260075808,0.56075,7.5e-05,0.13248947177794737,0.999875,0.56075,0.6948666724572222,
123,suspect_models\suspect_123.safetensors,0.9999999883741141,0.9999999999478459,0.9999999962329864,0.9999999914586544,1.0,0.9998300000101328,0.9992549686744809,0.9999973311677575,0.999875,0.000125,0.9999997876371017,0.999875,0.999875,1.0,
124,suspect_models\suspect_124.safetensors,0.9999999949663877,1.0000000004768372,1.0000000124931336,1.0000000124931336,1.0,1.0,1.0,1.0,0.999875,0.000125,0.9999999999999998,0.999875,0.999875,1.0,
125,suspect_models\suspect_125.safetensors,0.8776878708854318,0.9998938042275608,0.8884638534136117,0.894051820987463,0.9998,0.6201200146663934,0.4505457826701924,0.9925471998363733,0.99975,5e-05,0.3893623717586368,0.999875,0.999825,0.9999500024998751,
126,suspect_models\suspect_126.safetensors,0.200509219332668,0.16960316629226987,0.31326695221066475,0.337350025608018,0.129875,0.19225000403150916,0.130487116847001,0.38138090992569923,0.129875,0.0,0.03467889237186186,0.999875,0.12995,0.534780806716847,
127,suspect_models\suspect_127.safetensors,0.5307293633763387,0.37636317179368217,0.37932552017234267,0.4191106852896512,0.301525,0.38226500889770687,0.1357322976646945,0.2844824438512325,0.30145,7.5e-05,0.07855649826888252,0.999875,0.30145,0.5887807821952692,
128,suspect_models\suspect_128.safetensors,0.8266865142723545,0.959508173062708,0.8379275088664144,0.8432832106787711,0.954675,0.6237600144937634,0.41459564062952997,0.9601190576136113,0.95455,0.000125,0.08781041006385173,0.999875,0.95455,0.9566402793389616,
129,suspect_models\suspect_129.safetensors,0.9999999878570437,0.9999999999403953,0.9999999966144562,0.9999999913990497,1.0,0.9998450000092387,0.9992463701784611,0.9999972983211279,0.999875,0.000125,0.9999997742933346,0.999875,0.999875,1.0,
130,suspect_models\suspect_130.safetensors,0.9162083321139216,0.9996213458643062,0.9068728808283806,0.9077548002019524,0.9997,0.6188450147330761,0.4568205423765816,0.9908623962819576,0.999625,7.5e-05,0.21465336113752181,0.999875,0.999675,0.9998000399920016,
131,suspect_models\suspect_131.safetensors,0.816185501202941,0.9998757251501084,0.801978680048883,0.7846376267321408,0.99985,0.510730012992397,0.3575000742787495,0.9688689041554928,0.999775,7.5e-05,0.23640038439859654,0.999875,0.999825,0.9999500024998751,
132,suspect_models\suspect_132.safetensors,0.9095685506179929,0.9999866099849344,0.9190002282440662,0.9220710912711918,0.999975,0.6114200146138669,0.4952725815786049,0.9962702851518989,0.999875,0.0001,0.6301313179142082,0.999875,0.9999,0.9999750006249845,
133,suspect_models\suspect_133.safetensors,0.828045685593877,0.7781282656843658,0.562775613419339,0.5768777314361185,0.75375,0.6453450142156333,0.1783557119537145,0.587185691344738,0.753675,7.5e-05,0.19220361632550634,0.999875,0.753675,0.8024394158241053,
134,suspect_models\suspect_134.safetensors,0.4381463877361035,0.2899025381459958,0.3478641913421452,0.39084500251710413,0.215975,0.3061050069615245,0.12665032276492566,0.2490938645347953,0.21595,2.5e-05,0.054639898850424556,0.999875,0.21595,0.5605616828061718,
135,suspect_models\suspect_135.safetensors,0.911170553149283,0.9999402021714486,0.931565041731298,0.9328797161974013,0.99985,0.6141250147756189,0.5087216600192711,0.9960529342800378,0.9998,5e-05,0.4863395798542942,0.999875,0.999875,1.0,
136,suspect_models\suspect_136.safetensors,0.9965422169938684,0.999996337158978,0.9925519178971648,0.9924717347234487,0.99995,0.9097400053627789,0.7251154687397182,0.9981413526579738,0.99985,0.0001,0.9209585300121916,0.999875,0.999875,1.0,
137,suspect_models\suspect_137.safetensors,0.8086360655119642,0.7466170172950748,0.5811034888409078,0.5940473247539252,0.712225,0.6241350138694048,0.1949336435043253,0.6163260983332992,0.71215,7.5e-05,0.18102527687862582,0.999875,0.712175,0.7765783955890346,
138,suspect_models\suspect_138.safetensors,0.9999999949663877,1.0000000004768372,1.0000000124931336,1.0000000124931336,1.0,1.0,1.0,1.0,0.999875,0.000125,0.9999999999999998,0.999875,0.999875,1.0,
139,suspect_models\suspect_139.safetensors,0.6123581042220816,0.4460176293080503,0.40540899624042215,0.4425434219762683,0.37965,0.46163001079782845,0.14185070862714202,0.31495993238687514,0.379625,2.5e-05,0.08321763984206494,0.999875,0.379625,0.6171887054466904,
140,suspect_models\suspect_140.safetensors,0.9847515294343233,0.9997114800620824,0.9501355102747678,0.9515960368320346,0.99965,0.8013900110702962,0.5214712524650619,0.9928953172460199,0.9996,5e-05,0.3877225740100002,0.999875,0.999675,0.9998000399920016,
141,suspect_models\suspect_141.safetensors,0.9048648718550801,0.999540575054288,0.7459803308077156,0.7339067265924066,0.99985,0.6702800145119429,0.23991637060120702,0.9303740395084024,0.9998,5e-05,0.2732705471509641,0.999875,0.999875,1.0,
142,suspect_models\suspect_142.safetensors,0.9051333161026239,0.9988194541732315,0.8978780959971249,0.8955393032073975,0.998975,0.6194100145574659,0.42977277153907345,0.9819951583191753,0.9989,7.5e-05,0.1847158984902779,0.999875,0.99895,0.9990758548342782,
143,suspect_models\suspect_143.safetensors,0.3923836322516319,0.3825504728169254,0.4254497111130506,0.4318198542509228,0.32835,0.3170450070463121,0.14857300644898788,0.5004598939463496,0.32835,0.0,0.07938371723988896,0.999875,0.328375,0.5982650314089142,
144,suspect_models\suspect_144.safetensors,0.31472460214721504,0.2251952022129225,0.33273796958774327,0.36294212553985417,0.1496,0.24499500532373786,0.12012836477402598,0.23414719146043061,0.1496,0.0,0.038795425646624734,0.999875,0.1496,0.5404602018618855,
145,suspect_models\suspect_145.safetensors,0.9999999949663877,1.0000000004768372,1.0000000124931336,1.0000000124931336,1.0,1.0,1.0,1.0,0.999875,0.000125,0.9999999999999998,0.999875,0.999875,1.0,
146,suspect_models\suspect_146.safetensors,0.8426848550761119,0.8021801052986484,0.5781475358694792,0.5903864688370377,0.7815,0.6540550142392516,0.182989131382294,0.6160489307373762,0.78145,5e-05,0.20830889956621745,0.999875,0.781475,0.8207485226526593,
147,suspect_models\suspect_147.safetensors,0.6461722686393186,0.5565041030186165,0.44342551736943425,0.4715570504475385,0.500525,0.5014300119891762,0.14162036338141187,0.37915121617913244,0.500475,5e-05,0.10728800917584763,0.999875,0.5005,0.6669445602334305,
148,suspect_models\suspect_148.safetensors,0.993422794483602,0.9999963256284594,0.993698620082438,0.9938392010197044,0.99995,0.8830250069335103,0.7357237110823392,0.9986966932401061,0.99985,0.0001,0.9536482855426115,0.999875,0.999875,1.0,
149,suspect_models\suspect_149.safetensors,0.5653372529961169,0.641653498268568,0.5302195306714624,0.5102539030581713,0.588575,0.4958650117393583,0.1546961970584467,0.6078506954655051,0.588525,5e-05,0.12819738602657113,0.999875,0.588525,0.708541467389379,
150,suspect_models\suspect_150.safetensors,0.5219994885712862,0.5448894328781524,0.5231275704927743,0.5212457596346736,0.49775,0.4115850097708404,0.18145364277837797,0.6203883904024958,0.49775,0.0,0.10768243012282566,0.999875,0.497775,0.6657346381732242,
151,suspect_models\suspect_151.safetensors,0.8086974887198769,0.8010300487357599,0.5849773530151695,0.5953563387099653,0.77665,0.6187650143388659,0.1909036316325888,0.6164701935172081,0.7766,5e-05,0.178789373243126,0.999875,0.776625,0.8174943797261394,
152,suspect_models\suspect_152.safetensors,0.7776606491350103,0.8991614997001103,0.8033611824791879,0.7967312964074313,0.886475,0.5844050142668188,0.3224280758820474,0.8867755052402616,0.886425,5e-05,0.14096856752483358,0.999875,0.886475,0.8981498113885397,
153,suspect_models\suspect_153.safetensors,0.9667612582176923,0.9984347146381624,0.9259016351290047,0.9247549508877099,0.9986,0.747660013031587,0.4509597827995196,0.9810029590696097,0.9985,0.0001,0.28644256191126016,0.999875,0.998525,0.9986518200429421,
154,suspect_models\suspect_154.safetensors,0.9999999727606773,0.9999999999672174,0.9999999399483204,0.9999999359965325,1.0,0.9996550000205636,0.9985626909002662,0.9999949006587266,0.999875,0.000125,0.9999992002772587,0.999875,0.999875,1.0,
155,suspect_models\suspect_155.safetensors,0.5907362518248614,0.6069436897262909,0.45390914342068134,0.4725997258055955,0.5608,0.4603950109228492,0.13590722294272856,0.40997645465135574,0.56075,5e-05,0.12235696949615636,0.999875,0.560775,0.6948787436592315,
156,suspect_models\suspect_156.safetensors,0.8251043759070337,0.7779532952485475,0.5625968778308481,0.5761332059245556,0.751775,0.6410750141654163,0.17661877737790346,0.590511641599238,0.7517,7.5e-05,0.19539247560351858,0.999875,0.75175,0.8012018027040562,
157,suspect_models\suspect_157.safetensors,0.6511908172765747,0.7907690878319361,0.6139723179083317,0.6015709031585604,0.75685,0.526655012640357,0.22266888261884452,0.7961322908356786,0.75675,0.0001,0.12209675049310066,0.999875,0.75675,0.8044243338360986,
158,suspect_models\suspect_158.safetensors,0.800117945073545,0.7771853738435021,0.5932951369356364,0.6033896793019027,0.748775,0.6107350140534341,0.19987576093375684,0.6360439222067594,0.7487,7.5e-05,0.1703352059577811,0.999875,0.748725,0.7992646764976222,
159,suspect_models\suspect_159.safetensors,0.9222112401768565,0.9999550105795264,0.9387099466875195,0.9394453479886055,0.99975,0.6366000147618354,0.5194072026208043,0.9961633197650314,0.99975,0.0,0.5863675646458553,0.999875,0.999875,1.0,
160,suspect_models\suspect_160.safetensors,0.8038683868640568,0.7445836941806542,0.5439499406009912,0.5596555960346014,0.7156,0.6223650141529738,0.17101059290841222,0.5634688233301044,0.715525,7.5e-05,0.18628858804185064,0.999875,0.715525,0.7786039630941722,
161,suspect_models\suspect_161.safetensors,0.9251157896563411,0.9999810048401355,0.9416401891976595,0.9413523264408111,0.999925,0.6379650147601962,0.5239433904273435,0.9960431615427137,0.99985,7.5e-05,0.5948397942045109,0.999875,0.9999,0.9999750006249845,
162,suspect_models\suspect_162.safetensors,0.9233529152467846,0.9999819703459739,0.9401982389196754,0.9397392902843654,0.999875,0.6340850147958845,0.520932811637409,0.995856339110434,0.999825,5e-05,0.5716443042859228,0.999875,0.9999,0.9999750006249845,
163,suspect_models\suspect_163.safetensors,0.6659744071499445,0.7396586550156048,0.5159599849101156,0.5255211524438113,0.715425,0.5326700129579752,0.14528316002059727,0.5064735156178475,0.71535,7.5e-05,0.16611548109014485,0.999875,0.715375,0.7785130400934216,
164,suspect_models\suspect_164.safetensors,0.32142658062057455,0.21083688343676912,0.3113492173023522,0.3611864344831556,0.131125,0.22241500481069088,0.11801194470711053,0.1318645623549819,0.1311,2.5e-05,0.03629570620520011,0.999875,0.1311,0.5351098981953419,
165,suspect_models\suspect_165.safetensors,0.5601456916515716,0.5968548460776867,0.5268995021820069,0.5087252749092877,0.5412,0.49751001223362984,0.15464663060400635,0.6035139028921723,0.54115,5e-05,0.12457620221312835,0.999875,0.54115,0.6855301718966906,
166,suspect_models\suspect_166.safetensors,0.9211840659469366,0.9999666731253266,0.9390964083530009,0.9394047859109939,0.999875,0.6350850147802383,0.5198978104451671,0.9959712067499756,0.999825,5e-05,0.5093986381198682,0.999875,0.9999,0.9999750006249845,
167,suspect_models\suspect_167.safetensors,0.5878841374624637,0.4335166060740761,0.3768672323420644,0.4179022849280387,0.374375,0.4466600105814636,0.12979455692246555,0.2365670690983534,0.37435,2.5e-05,0.06314610406289747,0.999875,0.37435,0.6151858630288677,
168,suspect_models\suspect_168.safetensors,0.9989741608202457,0.9999982388719917,0.9951861105412245,0.9952724335670471,0.99995,0.9403850035510958,0.7727510574452578,0.998801392763853,0.99985,0.0001,0.9607599210833923,0.999875,0.999875,1.0,
169,suspect_models\suspect_169.safetensors,0.9999999716624618,1.0000000002205371,0.9999999369621276,0.9999999340951443,1.0,0.9996500000208616,0.9985416047617793,0.9999947832792997,0.999875,0.000125,0.9999991791677754,0.999875,0.999875,1.0,
170,suspect_models\suspect_170.safetensors,0.512845431598532,0.5382561080985684,0.5200784698061645,0.5177050051324069,0.49085,0.4072100096885115,0.18174615493770688,0.6208541610479354,0.49085,0.0,0.11718505388607946,0.999875,0.490875,0.6626905235255136,
171,suspect_models\suspect_171.safetensors,0.9240470512807369,0.9999767251700162,0.9415123639509082,0.9409373285129666,0.999775,0.6349950147293508,0.5241972424315289,0.9959277655169367,0.999775,0.0,0.6010451785525537,0.999875,0.9999,0.9999750006249845,
172,suspect_models\suspect_172.safetensors,0.9243974043399096,0.9999831469982863,0.9414307628758252,0.9399419773578643,0.999875,0.6355850147798657,0.5246493153398857,0.9956919201374054,0.999825,5e-05,0.5877716339298189,0.999875,0.9999,0.9999750006249845,
173,suspect_models\suspect_173.safetensors,0.8053874558320269,0.7429504660887593,0.5760242015365511,0.589824537198618,0.7093,0.6203250137683004,0.19370055892532692,0.6069943163380027,0.709225,7.5e-05,0.18032739323074964,0.999875,0.709225,0.7748033936388642,
174,suspect_models\suspect_174.safetensors,0.9950191623955965,0.9999884610950946,0.9728369335547089,0.9738367399662733,0.9999,0.8675850077766926,0.5971721896409988,0.9969653774112462,0.999825,7.5e-05,0.7612787608618444,0.999875,0.999875,1.0,
175,suspect_models\suspect_175.safetensors,0.9068766395434738,0.9999469695448875,0.9092067605055869,0.9148907056681812,0.9998,0.6103700144901871,0.4896500251071528,0.99630068064183,0.999775,2.5e-05,0.5613407433980556,0.999875,0.999875,1.0,
176,suspect_models\suspect_176.safetensors,0.4080611298087635,0.2487112226631627,0.32630430004522204,0.375114745702222,0.162775,0.2735950061034411,0.12398004876850173,0.17452851335406303,0.162775,0.0,0.03529003942865984,0.999875,0.162775,0.5443361820260193,
177,suspect_models\suspect_177.safetensors,0.515648245552223,0.5399928919658771,0.5210737215574831,0.5189395482733846,0.492275,0.4078950096786022,0.1806092871386558,0.6220130957454443,0.49225,2.5e-05,0.11029180500065615,0.999875,0.49225,0.6632949175026946,
178,suspect_models\suspect_178.safetensors,0.922153104223311,0.9999371311061084,0.9381881204113364,0.938144196703285,0.999775,0.6341950146883726,0.51795575587973,0.9957956205651164,0.99975,2.5e-05,0.5389667053605849,0.999875,0.99985,0.9999750006249845,
179,suspect_models\suspect_179.safetensors,0.7884416190034943,0.7733229012972761,0.7202311272002757,0.7198965341165662,0.745225,0.5809900135915727,0.29289861006559803,0.7985631586134434,0.74515,7.5e-05,0.1657932298295922,0.999875,0.745175,0.7970032677133977,
180,suspect_models\suspect_180.safetensors,0.9150863714188338,0.999982434052229,0.9343536119729281,0.9353541375249624,0.999925,0.620465014795959,0.5119540476901456,0.9962053882792592,0.99985,7.5e-05,0.594298339903259,0.999875,0.9999,0.9999750006249845,
181,suspect_models\suspect_181.safetensors,0.7111345633329824,0.8531561872700509,0.6541503881134093,0.647940386832133,0.82805,0.5400850130923093,0.2510687765805051,0.843506912983954,0.827975,7.5e-05,0.13013585612450604,0.999875,0.828025,0.8533515381661475,
182,suspect_models\suspect_182.safetensors,0.9875530073925852,0.9999201053701341,0.9579365782365203,0.9592310122355818,0.999875,0.8215200101334602,0.5422908100401983,0.994788760714233,0.9998,7.5e-05,0.5043764625097964,0.999875,0.99985,0.9999750006249845,
183,suspect_models\suspect_183.safetensors,0.6071967439440312,0.4588361481757165,0.40814540465697646,0.44417782606855033,0.3923,0.4565200108330697,0.1423531728782691,0.32003880891799924,0.39225,5e-05,0.08560908556738517,0.999875,0.39225,0.6220356115387605,
184,suspect_models\suspect_184.safetensors,0.6449040068911388,0.5577172538375292,0.4456236126817763,0.47356032349653543,0.502125,0.5002650121044367,0.14336794135803357,0.38162214823067186,0.50205,7.5e-05,0.11200004078776349,0.999875,0.502075,0.6676458806249166,
185,suspect_models\suspect_185.safetensors,0.9860306683257222,0.9998923577159643,0.9596483044221997,0.9609281071096659,0.999925,0.812210010580346,0.5493834712052718,0.9946396022602916,0.999825,0.0001,0.48755731914690564,0.999875,0.99985,0.9999750006249845,
186,suspect_models\suspect_186.safetensors,0.32909606717367423,0.2248429293710913,0.3155469143882394,0.3636722028143704,0.14545,0.231835005062446,0.11792096607619897,0.14226072455942632,0.14545,0.0,0.039812912846215597,0.999875,0.14545,0.5392507111368753,
187,suspect_models\suspect_187.safetensors,0.8467905335456133,0.9999072562709451,0.6509691933110356,0.6397733789727091,0.9999,0.5416100135698915,0.3732397335991263,0.9087490166917443,0.999825,7.5e-05,0.24180486323638353,0.999875,0.999875,1.0,
188,suspect_models\suspect_188.safetensors,0.9150794983819127,0.999969019664824,0.9343047515228391,0.9358568150512874,0.99985,0.626265014693141,0.5126329596983269,0.9960695031508804,0.9998,5e-05,0.5367531280147394,0.999875,0.999875,1.0,
189,suspect_models\suspect_189.safetensors,0.69885262354234,0.7920271670040463,0.6539610031787306,0.6390144038431347,0.75795,0.5838700138919055,0.2349530558119528,0.8038799673333764,0.757925,2.5e-05,0.15847945795086868,0.999875,0.75795,0.8052016023511888,
190,suspect_models\suspect_190.safetensors,0.8720259340524673,0.9999031539738178,0.8099929543010891,0.8378598531939089,0.999725,0.5847900143500417,0.4151534599609673,0.9960151244074106,0.999725,0.0,0.44620878382124335,0.999875,0.99985,0.9999750006249845,
191,suspect_models\suspect_191.safetensors,0.9225064901515841,0.9999737475007773,0.9394501996636391,0.9378289347752928,0.9998,0.6335900147482753,0.520787585356459,0.9954072962343693,0.999775,2.5e-05,0.5859281579065146,0.999875,0.999875,1.0,
192,suspect_models\suspect_192.safetensors,0.9234982353717088,0.9999786131247879,0.9403829066425562,0.9398202904716134,0.999875,0.634780014782399,0.5231946784857661,0.9958503077685833,0.999825,5e-05,0.5526201028832691,0.999875,0.9999,0.9999750006249845,
193,suspect_models\suspect_193.safetensors,0.7754422841973603,0.9661158767891029,0.7105837924294174,0.7287965576883405,0.960475,0.6284850144270807,0.3234447805363685,0.9335184786707162,0.960375,0.0001,0.1662706045004007,0.999875,0.9604,0.9620240987036726,
194,suspect_models\suspect_194.safetensors,0.7450582157358061,0.6592155939342293,0.5377024192322045,0.5551078695118428,0.612775,0.5697000130277127,0.18199667893005536,0.5559543159991502,0.6127,7.5e-05,0.15311831307770749,0.999875,0.612725,0.720902570017662,
195,suspect_models\suspect_195.safetensors,0.9987142408311367,0.9999979830980301,0.9933846051171422,0.9935199405997992,0.99995,0.9314900040782988,0.7478252699449658,0.998618743929267,0.99985,0.0001,0.9459115899085114,0.999875,0.999875,1.0,
196,suspect_models\suspect_196.safetensors,0.6726275718128308,0.8453615089282199,0.6433451454527677,0.632221963064,0.819425,0.5471550132498145,0.23204109559496866,0.8179801419258118,0.819375,5e-05,0.13347729738087302,0.999875,0.819425,0.8471345673260198,
197,suspect_models\suspect_197.safetensors,0.6498755823661341,0.5356098519650455,0.4454345647674054,0.4729884341273457,0.4753,0.49636001169383526,0.14499620571220292,0.4128706749483943,0.475275,2.5e-05,0.10459996305572898,0.999875,0.475325,0.6559312584041193,
198,suspect_models\suspect_198.safetensors,0.9978277835041285,0.9999959233015776,0.9880945679545402,0.9883773118168115,0.99995,0.9110800052776933,0.6915000768620521,0.9981488424226642,0.99985,0.0001,0.8937850561070135,0.999875,0.999875,1.0,
199,suspect_models\suspect_199.safetensors,0.9253120184600353,0.9999889212533831,0.9415755292810499,0.9413005134217441,1.0,0.6390000148225575,0.5230462341606616,0.9960301723122597,0.999875,0.000125,0.6098610769959364,0.999875,0.999875,1.0,
200,suspect_models\suspect_200.safetensors,0.9231072636082769,0.9999697763517499,0.9400461009353399,0.9396632238052786,0.9999,0.6354700147911906,0.5205158758632839,0.9958244055941701,0.999825,7.5e-05,0.5732884890593047,0.999875,0.999875,1.0,
201,suspect_models\suspect_201.safetensors,0.7237663936601021,0.6335750152215085,0.4867091871023178,0.5091950426045805,0.58625,0.5604250130727887,0.1548875593556091,0.47309041310548783,0.586175,7.5e-05,0.14546510154956546,0.999875,0.5862,0.7073761649601217,
202,suspect_models\suspect_202.safetensors,0.4874652009976213,0.48345142274952196,0.45636664233133195,0.4480051147442311,0.41775,0.42900001031570134,0.13627080598063768,0.4887471159085631,0.4177,5e-05,0.09969143320801518,0.999875,0.417725,0.6320513225673925,
203,suspect_models\suspect_203.safetensors,0.7752074609622359,0.9999912689447403,0.9724815671294927,0.9711223785132169,0.9999,0.8132800106681883,0.6205128111310303,0.9952434688180685,0.999825,7.5e-05,0.8059823647241389,0.999875,0.999875,1.0,
204,suspect_models\suspect_204.safetensors,0.5286135365049122,0.3691391167964251,0.37356699346005917,0.4149082344904542,0.291925,0.3847150089096278,0.13377227153247223,0.2601594667941332,0.2919,2.5e-05,0.061925215343955425,0.999875,0.2919,0.5854886634757535,
205,suspect_models\suspect_205.safetensors,0.9708021853059531,0.9990185393532389,0.9323045244909823,0.9315719088226557,0.99915,0.7593050126474351,0.46852214061217384,0.9839191890478134,0.999075,7.5e-05,0.336335569910876,0.999875,0.999125,0.9992505620784411,
206,suspect_models\suspect_206.safetensors,0.7224764745253371,0.6551002134923648,0.5325324134483933,0.5496311142530292,0.60805,0.5500650129724294,0.18224995040046052,0.5507273074075579,0.607975,7.5e-05,0.13326620357759736,0.999875,0.608,0.7184553210597217,
207,suspect_models\suspect_207.safetensors,0.9037014119744301,0.9995049023166299,0.7422015418961644,0.7303089707382023,0.999875,0.6681650145158171,0.23769705998562277,0.927446885241568,0.9998,7.5e-05,0.2585629029265156,0.999875,0.99985,0.9999750006249845,
208,suspect_models\suspect_208.safetensors,0.9186123077079654,0.9999325890670531,0.9152909036777913,0.9180969871729613,0.9999,0.6283350146092475,0.47083775555472823,0.994486377465725,0.999825,7.5e-05,0.4092271190963281,0.999875,0.999875,1.0,
209,suspect_models\suspect_209.safetensors,0.8783180510044097,0.9999049045659602,0.8897571129374207,0.8947096012659371,0.999875,0.6211350146006793,0.44868111515101045,0.9922257966846227,0.999775,0.0001,0.330511121729002,0.999875,0.9998,0.9999250056245783,
210,suspect_models\suspect_210.safetensors,0.943544400973618,0.9988324464612175,0.8974040306389331,0.9038378854669631,0.998825,0.7282850135821849,0.45979207719583065,0.9886786063596606,0.99875,7.5e-05,0.29317780427831974,0.999875,0.9988,0.9989261543840372,
211,suspect_models\suspect_211.safetensors,0.44488790284055285,0.4143141422740193,0.41622090037204323,0.4196703830551356,0.3453,0.3836200090568513,0.12999449104908853,0.40820384098142387,0.34525,5e-05,0.07937408111526637,0.999875,0.34525,0.6043665483115509,
212,suspect_models\suspect_212.safetensors,0.7063396647159476,0.6396991682566818,0.4853829848021269,0.5069929799217731,0.595325,0.5397150129452348,0.1550459602586925,0.4766647584706545,0.5953,2.5e-05,0.12332248649453004,0.999875,0.595325,0.7119718059164857,
213,suspect_models\suspect_213.safetensors,0.9253604126289486,0.9999815912425518,0.9418139090426266,0.9414458347164094,0.999925,0.6390600148059428,0.5249251633625478,0.9959805692732334,0.999825,0.0001,0.5835578890789224,0.999875,0.99985,0.9999750006249845,
214,suspect_models\suspect_214.safetensors,0.3994754451830289,0.39102051007787675,0.42993747637346386,0.4351123071499169,0.336375,0.3226350072000176,0.14898465930977836,0.5086458128884435,0.336325,5e-05,0.07852171991320506,0.999875,0.336325,0.6011241020708726,
215,suspect_models\suspect_215.safetensors,0.8287304188273847,0.9860862216392532,0.726130566976592,0.755988600775227,0.9846,0.6410250145696104,0.36156083639673886,0.964974468792975,0.98455,5e-05,0.1350338529071002,0.999875,0.984625,0.9849790691947796,
216,suspect_models\suspect_216.safetensors,0.921376877579093,0.9999696966513991,0.9377293808989227,0.9374344163879752,0.99985,0.6322150147512555,0.5157538082171231,0.9955876965180039,0.9998,5e-05,0.5507327827773758,0.999875,0.999875,1.0,
217,suspect_models\suspect_217.safetensors,0.7148941131484695,0.6159738335679347,0.5143042114160955,0.5345650778576732,0.566475,0.5444500125300139,0.17523025163058192,0.5246000845775008,0.566425,5e-05,0.13538565371207395,0.999875,0.56645,0.6976298027451733,
218,suspect_models\suspect_218.safetensors,0.9982731626927852,0.9999975993454456,0.995069379092753,0.9951181864008307,0.99995,0.9291500042140484,0.7660993800632656,0.9987503910556436,0.99985,0.0001,0.9497633433005033,0.999875,0.999875,1.0,
219,suspect_models\suspect_219.safetensors,0.7722395913596265,0.7020060410729843,0.5213351358439773,0.5395314245466143,0.6654,0.6005700138919056,0.16285211900016294,0.5256396759986878,0.66535,5e-05,0.16708899169688993,0.999875,0.6654,0.749358361902621,
220,suspect_models\suspect_220.safetensors,0.2721585192360566,0.21691003018456304,0.3382644319517538,0.3659168395359069,0.1626,0.2224700046695769,0.12746203730450942,0.3221248556539416,0.162575,2.5e-05,0.04779542903795659,0.999875,0.162575,0.5442769281010178,
221,suspect_models\suspect_221.safetensors,0.9926491389304399,0.9999891796395183,0.9813784651249647,0.9808034133315087,0.9999,0.8785900071591138,0.6260194885376841,0.9957473967522382,0.999825,7.5e-05,0.8337250738881511,0.999875,0.999875,1.0,
222,suspect_models\suspect_222.safetensors,0.5132683090948617,0.3471073596339127,0.35209645079411567,0.39717081660889086,0.269175,0.372750008616969,0.12648646482620388,0.19953370728045702,0.26915,2.5e-05,0.047506965943376674,0.999875,0.26915,0.577792543587225,
223,suspect_models\suspect_223.safetensors,0.5132725766368909,0.5355894264318695,0.5196182191517204,0.5165367602989077,0.4876,0.4082850097455084,0.18047693064650522,0.6228424585655331,0.48755,5e-05,0.11574221796817818,0.999875,0.48755,0.6612335311523647,
224,suspect_models\suspect_224.safetensors,0.9980186655029655,0.9999974706768989,0.9984498305395245,0.9984622785866261,0.999875,0.9316100040726364,0.8290572514250875,0.9992883752733469,0.999825,5e-05,0.9812713476037546,0.999875,0.9999,0.9999750006249845,
225,suspect_models\suspect_225.safetensors,0.5923615710245678,0.4218790694375297,0.3740675985589623,0.41602762225307527,0.359275,0.4456650104854256,0.13017894213208928,0.23388357999175788,0.359225,5e-05,0.06580781209904767,0.999875,0.359225,0.6095145216834791,
226,suspect_models\suspect_226.safetensors,0.9094124405175448,0.9999154876738787,0.926515346314013,0.9286557529754936,0.99985,0.6172100147329271,0.5014307164685801,0.9958274899914861,0.999775,7.5e-05,0.46384952054941997,0.999875,0.999825,0.9999500024998751,
227,suspect_models\suspect_227.safetensors,0.9840043309122324,0.9997681224368047,0.9480230592142791,0.9497615571141242,0.99975,0.7976850112438202,0.5184595164154656,0.9932132866173983,0.9997,5e-05,0.37962796364952367,0.999875,0.999775,0.9999000099990001,
228,suspect_models\suspect_228.safetensors,0.054978246799553744,0.08067834656887847,0.2644552581693977,0.3047457778243348,0.042125,0.09742500173859298,0.1234157252474688,0.22357524519711733,0.042125,0.0,0.03418287667586727,0.999875,0.042175,0.5108034938958983,
229,suspect_models\suspect_229.safetensors,0.650780707458104,0.5352688343134523,0.48227114305980506,0.5053732448209077,0.478525,0.48634001138433813,0.16753291832357645,0.4940540533542633,0.47845,7.5e-05,0.10903948150459737,0.999875,0.47845,0.657278538212531,
230,suspect_models\suspect_230.safetensors,0.3401338539989374,0.23066906746544702,0.3181299146968871,0.3656985464446247,0.1528,0.2363850051242858,0.11872373782256618,0.15257771732211112,0.152775,2.5e-05,0.04794498885716687,0.999875,0.152775,0.5413892046992583,
231,suspect_models\suspect_231.safetensors,0.9880899696305394,0.9998600642940495,0.9649838948987425,0.9660612407296896,0.99975,0.8258000099234283,0.5640401576792822,0.9955778226688504,0.9997,5e-05,0.5681206855057294,0.999875,0.999775,0.9999000099990001,
232,suspect_models\suspect_232.safetensors,0.9090619768187403,0.9994468854070641,0.9061068280659615,0.9046626221358776,0.999475,0.6170900146376341,0.44752807447668164,0.9878199603483081,0.99945,2.5e-05,0.21873181389043217,0.999875,0.99955,0.9996751055906831,
233,suspect_models\suspect_233.safetensors,0.9222971984118223,0.9999817663684487,0.9399658633060753,0.9398558616161347,0.9999,0.6322000149119645,0.5223036278311163,0.9959533657327294,0.999825,7.5e-05,0.5707848409983425,0.999875,0.999875,1.0,
234,suspect_models\suspect_234.safetensors,0.999999988104403,1.0000000000476836,0.9999999970406294,0.9999999917626381,1.0,0.9998400000095368,0.9992520178854466,0.999997340965271,0.999875,0.000125,0.9999997909576879,0.999875,0.999875,1.0,
235,suspect_models\suspect_235.safetensors,0.11470814188811929,0.07714767491739151,0.2732955950688571,0.3084425957597792,0.041425,0.10125500179454684,0.12295031928867102,0.30524018848091367,0.041425,0.0,0.011427905905715472,0.999875,0.041425,0.510607878679568,
236,suspect_models\suspect_236.safetensors,0.997731478241086,0.9999977678447962,0.9893000970453024,0.9894390256181359,0.99995,0.91044000531286,0.6900871698375791,0.9981260714754462,0.99985,0.0001,0.9091286034485687,0.999875,0.999875,1.0,
237,suspect_models\suspect_237.safetensors,0.7478002557604574,0.8698268893795844,0.7545308890134096,0.7558228787280619,0.85385,0.5836850139778107,0.34934056967310606,0.8908602484837175,0.853725,0.000125,0.09785697500317338,0.999875,0.853725,0.8724861492823801,
238,suspect_models\suspect_238.safetensors,0.9123349603593349,0.9996942721971078,0.90652689249143,0.9081001190334559,0.999625,0.6138100146986544,0.46014656193386766,0.9915735414862633,0.999575,5e-05,0.20709561298769336,0.999875,0.99965,0.999775050613612,
239,suspect_models\suspect_239.safetensors,0.9459162939056754,0.9982605131856631,0.8884319563515485,0.8961731970749796,0.99825,0.7282450136117637,0.44570670272894203,0.9876472264871001,0.99815,0.0001,0.27353101127869844,0.999875,0.998175,0.9983028850953379,
240,suspect_models\suspect_240.safetensors,0.6338761845911853,0.5310567947393356,0.4838206266712397,0.5057424248788506,0.4722,0.47420001136772333,0.16889390227356926,0.4986037216797471,0.47215,5e-05,0.10633296454780798,0.999875,0.472175,0.6545787785559993,
241,suspect_models\suspect_241.safetensors,0.8624218880240806,0.8383841691485433,0.7788653760004789,0.7807784276142716,0.81695,0.6395950137577951,0.3500618803929538,0.8441946732506156,0.8169,5e-05,0.17881598391996362,0.999875,0.81695,0.8453621320032969,
242,suspect_models\suspect_242.safetensors,0.9058671098843217,0.9990201673123985,0.897105960822478,0.8951277048371732,0.99925,0.6153600145276635,0.43089154719877987,0.9829257352039218,0.999125,0.000125,0.16327879080275545,0.999875,0.999125,0.9992505620784411,
243,suspect_models\suspect_243.safetensors,0.7755205611422658,0.9999895546346903,0.9731974391058087,0.9719135579586029,0.9999,0.8108500107791274,0.6217211684145033,0.995356320796907,0.999825,7.5e-05,0.7974608054134353,0.999875,0.999875,1.0,
244,suspect_models\suspect_244.safetensors,0.9999999687924981,1.0000000000476836,0.999999926802516,0.9999999232202769,1.0,0.9996300000220537,0.9984332248315215,0.9999945169046521,0.999875,0.000125,0.9999991731229857,0.999875,0.999875,1.0,
245,suspect_models\suspect_245.safetensors,0.9999999680966138,0.9999999999776482,0.9999999282062053,0.9999999248415232,1.0,0.9996450000211596,0.9984529274582863,0.9999945185601711,0.999875,0.000125,0.9999991249781858,0.999875,0.999875,1.0,
246,suspect_models\suspect_246.safetensors,0.9101528030872345,0.9999533158689737,0.9283012436859309,0.9299750998109579,0.99985,0.6168650147374719,0.5037144804487005,0.9959208786621689,0.999775,7.5e-05,0.5498602778992178,0.999875,0.999825,0.9999500024998751,
247,suspect_models\suspect_247.safetensors,0.924839217945002,0.9927673544340527,0.9373591239906848,0.9368380077287555,0.991725,0.6604550146341324,0.5169475165938958,0.9880762022435665,0.991625,0.0001,0.12707172489328628,0.999875,0.99165,0.991842098737881,
248,suspect_models\suspect_248.safetensors,0.9001241297990084,0.9999416108846665,0.9168554920649156,0.9183576981455087,0.999875,0.6007250146392733,0.492263764565438,0.9957567138433456,0.9998,7.5e-05,0.500858454852757,0.999875,0.99985,0.9999750006249845,
249,suspect_models\suspect_249.safetensors,0.488767836758832,0.48241157889770003,0.45139283698387445,0.44473009404428304,0.415725,0.43039001038558783,0.13345449499255047,0.47338967583179475,0.415675,5e-05,0.09903841833463219,0.999875,0.415675,0.6312334301224592,
250,suspect_models\suspect_250.safetensors,0.9105385456472636,0.9991719921432436,0.9013145176049322,0.8984002005308867,0.999125,0.612195014507696,0.440750301560387,0.9842940438255667,0.9991,2.5e-05,0.17296609933852708,0.999875,0.9992,0.9993254553176606,
251,suspect_models\suspect_251.safetensors,0.4175953172719921,0.4295698690410791,0.4148759044505656,0.41797881633490325,0.36485,0.36295500823184845,0.1279617158564739,0.3993886060491204,0.3648,5e-05,0.08120307742730073,0.999875,0.3648,0.6115927403941716,
252,suspect_models\suspect_252.safetensors,0.30268424435246855,0.22430756412706856,0.3309701335411519,0.3607971161015332,0.1504,0.23741000513136387,0.11964778884686529,0.22981376832723618,0.1504,0.0,0.03945837983116014,0.999875,0.150425,0.5407012895725756,
253,suspect_models\suspect_253.safetensors,0.9230143708869815,0.999974046368897,0.9396198730364442,0.9393588985569775,0.9998,0.6345000146817416,0.5198613236678764,0.995808666561544,0.999775,2.5e-05,0.5961218668055015,0.999875,0.999875,1.0,
254,suspect_models\suspect_254.safetensors,0.9999999882489443,0.9999999999135732,1.0,0.9999999941676855,1.0,0.9998400000095368,0.999295304453373,0.999997511203587,0.999875,0.000125,0.9999998146409625,0.999875,0.999875,1.0,
255,suspect_models\suspect_255.safetensors,0.6414761435536668,0.7824623939932968,0.6132159901630133,0.5946812006402761,0.747575,0.5322250128649175,0.20107734534675256,0.7557516259759665,0.747525,5e-05,0.14792499224671088,0.999875,0.747575,0.7985307035055498,
256,suspect_models\suspect_256.safetensors,0.8459702996805311,0.9999255754083395,0.6497139959044754,0.6385509354755282,0.999975,0.5423400136113167,0.37570719109848144,0.9084351432353258,0.999875,0.0001,0.26036967333668476,0.999875,0.9999,0.9999750006249845,
257,suspect_models\suspect_257.safetensors,0.8013834725200198,0.7812843574441874,0.5986405511189252,0.6081897780600936,0.752725,0.6041200141467155,0.2050777974387631,0.6438885806158186,0.75265,7.5e-05,0.17437965784851486,0.999875,0.752675,0.8017960230917256,
258,suspect_models\suspect_258.safetensors,0.8733638370975852,0.99995271525532,0.8090998147446662,0.8371668911352753,0.99975,0.5857050143308937,0.41301535026934,0.9960031541973352,0.99975,0.0,0.5629552300530797,0.999875,0.999875,1.0,
259,suspect_models\suspect_259.safetensors,0.9961451739013195,0.9999927665963769,0.9966031702458858,0.9966519058659673,0.9999,0.9082300054524094,0.779226792113483,0.9990075096875429,0.999825,7.5e-05,0.95988320522696,0.999875,0.999875,1.0,
260,suspect_models\suspect_260.safetensors,0.4167803627752699,0.2615890609615899,0.3304994343087077,0.37806390454880895,0.18025,0.28419500637762246,0.12296897622905671,0.18381066857129336,0.18025,0.0,0.03354337981433045,0.999875,0.18025,0.5495637837466512,
261,suspect_models\suspect_261.safetensors,0.9716012935638427,0.9989154352432815,0.9325868847575038,0.9320503436118365,0.998975,0.7625500125266611,0.46630206696679816,0.9842974520578981,0.99885,0.000125,0.3291282091119332,0.999875,0.99885,0.9989760495492123,
262,suspect_models\suspect_262.safetensors,0.779390962504223,0.930058818287494,0.7222492007475346,0.7229350488837808,0.916875,0.5764100137699395,0.29344843249786645,0.8993653780296444,0.91685,2.5e-05,0.12744915962205677,0.999875,0.91695,0.9234249832629222,
263,suspect_models\suspect_263.safetensors,0.8767986738964916,0.9999142107918858,0.8887980232603848,0.8940251153253019,0.9999,0.622935014700517,0.4474375202804804,0.9924485068529845,0.999825,7.5e-05,0.3716860852115258,0.999875,0.999875,1.0,
264,suspect_models\suspect_264.safetensors,0.7687095710522496,0.7799094407384913,0.7135184965718537,0.71246158121638,0.752475,0.5615350135132671,0.2832730480820872,0.7976797405079007,0.75245,2.5e-05,0.14827109353873213,0.999875,0.752475,0.801667468334135,
265,suspect_models\suspect_265.safetensors,0.9241633369877934,0.999961469309032,0.9404269383430481,0.9402186224222183,0.9999,0.6311250148069113,0.5226247164536267,0.9958839101195336,0.999825,7.5e-05,0.5820083436035178,0.999875,0.999875,1.0,
266,suspect_models\suspect_266.safetensors,0.505802781214565,0.5276364329080422,0.515371182146296,0.5121341100584715,0.480175,0.40571000963151455,0.1800087953669019,0.6232805797457694,0.48015,2.5e-05,0.10737544602944733,0.999875,0.48015,0.658013785388804,
267,suspect_models\suspect_267.safetensors,0.9229985329642892,0.9999676710337401,0.939123672889173,0.9387135013088584,0.99995,0.635360014801845,0.5186027387201786,0.9957759772256016,0.99985,0.0001,0.5506676009474449,0.999875,0.999875,1.0,
268,suspect_models\suspect_268.safetensors,0.8179343697533011,0.9998662161655724,0.8018168502219021,0.78467404467538,0.99985,0.5133200130231679,0.3586077260185033,0.9685679673552513,0.9998,5e-05,0.21212879848245997,0.999875,0.999875,1.0,
269,suspect_models\suspect_269.safetensors,0.38925293121602156,0.3800692352479802,0.4228463443789631,0.4302278434794396,0.325575,0.31245000688806174,0.14780296936267986,0.4942747862443328,0.32555,2.5e-05,0.07533821019260688,0.999875,0.325575,0.5972645284596548,
270,suspect_models\suspect_270.safetensors,0.9000359971642494,0.9999250254705548,0.9109158441759646,0.9147799901582301,0.9998,0.6060100145712495,0.487877124358993,0.995983968693018,0.999775,2.5e-05,0.5090725754586102,0.999875,0.999875,1.0,
271,suspect_models\suspect_271.safetensors,0.9243294654801488,0.9999822383955121,0.9410747569285333,0.9408984273321926,0.999875,0.6356500148069113,0.5222020956050605,0.996010770662129,0.999825,5e-05,0.6008608489412988,0.999875,0.9999,0.9999750006249845,
272,suspect_models\suspect_272.safetensors,0.9245177071124315,0.9999528074279428,0.940943234910816,0.9403177411034703,0.99985,0.640500014776364,0.5225895795533434,0.9958896625965834,0.9998,5e-05,0.5845019774998712,0.999875,0.999875,1.0,
273,suspect_models\suspect_273.safetensors,0.984472700586915,0.9997373119894415,0.9507656759768724,0.9520610003016889,0.99975,0.8005450111307204,0.5218127346046268,0.9928050847321749,0.99965,0.0001,0.3816907826876365,0.999875,0.999675,0.9998000399920016,
274,suspect_models\suspect_274.safetensors,0.7549375543497968,0.6724437748931461,0.5409921561110764,0.5584538015954197,0.62985,0.5781450131919235,0.18249980592979118,0.5533950740307569,0.629775,7.5e-05,0.15382937126657992,0.999875,0.629775,0.729873731844391,
275,suspect_models\suspect_275.safetensors,0.9999999888017773,1.0000000000536442,0.999999998536706,0.9999999935805798,1.0,0.9998550000086427,0.9992828781917691,0.9999974617108702,0.999875,0.000125,0.9999998091665282,0.999875,0.999875,1.0,
276,suspect_models\suspect_276.safetensors,0.9924367691457272,0.9999698061004281,0.9745809305414558,0.9753784209504723,0.999925,0.8549200084690005,0.6048212645292282,0.9966686535567045,0.99985,7.5e-05,0.6559183567438543,0.999875,0.9999,0.9999750006249845,
277,suspect_models\suspect_277.safetensors,0.5174862933096127,0.5394332448670736,0.5181584850840271,0.5174463478226214,0.491725,0.4098900097113103,0.1784064286215231,0.6099293824091554,0.491725,0.0,0.1138113028779104,0.999875,0.491725,0.6630640188310182,
278,suspect_models\suspect_278.safetensors,0.39370339010200694,0.3805965512070403,0.4249129047423601,0.4310341867931187,0.32615,0.3182550070811063,0.14810801969505846,0.5036998940423131,0.32615,0.0,0.07295100199976406,0.999875,0.326175,0.5974786401386151,
279,suspect_models\suspect_279.safetensors,0.9162243679970503,0.9998433283711784,0.9144572025947273,0.9160590809866787,0.9998,0.6268550146851689,0.47171668658554555,0.9934258702591061,0.999725,7.5e-05,0.29314565135606696,0.999875,0.999775,0.9999000099990001,
280,suspect_models\suspect_280.safetensors,0.08049740694860812,0.07922728308613941,0.2621375678058714,0.2945269954521209,0.04555,0.10627500188313424,0.12306420769803227,0.3046347158297896,0.045525,2.5e-05,0.013720692561905749,0.999875,0.04555,0.511685620354854,
281,suspect_models\suspect_281.safetensors,0.7840164392676437,0.7123253970514736,0.5590331068366766,0.5742736425116658,0.672925,0.6048850135903806,0.18691274754349144,0.5833856030002237,0.67285,7.5e-05,0.16635359842706404,0.999875,0.67285,0.7535653058533186,
282,suspect_models\suspect_282.safetensors,0.9186638570621609,0.9999673780485988,0.939157094996795,0.9372460278242827,0.99985,0.6083450146861374,0.5099964044018649,0.996446184669435,0.9998,5e-05,0.5971721980672346,0.999875,0.999875,1.0,
283,suspect_models\suspect_283.safetensors,0.6563787732626312,0.7906184950015982,0.6137686319328844,0.5985098187223077,0.75625,0.5466900130033493,0.2098081367880106,0.7708009292796254,0.756225,2.5e-05,0.1536893384600864,0.999875,0.75625,0.8041009146647904,
284,suspect_models\suspect_284.safetensors,0.6536723987118225,0.541364205952208,0.48585122908353806,0.5082866989199072,0.4823,0.4919150114327669,0.16707647671354933,0.4955051247343421,0.482225,7.5e-05,0.11339498907007138,0.999875,0.482225,0.6589134517181169,
285,suspect_models\suspect_285.safetensors,0.8049607902385294,0.7459985593147197,0.5421794340640307,0.5584100889112801,0.7173,0.6222950141299516,0.17095912708565592,0.5580383933797479,0.717225,7.5e-05,0.17725364854091008,0.999875,0.717275,0.779666302822392,
286,suspect_models\suspect_286.safetensors,0.7658698436568957,0.7241901838547241,0.5643478919979185,0.5776322934523225,0.688925,0.5839500138234347,0.18960650878408924,0.5950378453433514,0.68885,7.5e-05,0.16006657917569905,0.999875,0.688875,0.7627765064836003,
287,suspect_models\suspect_287.safetensors,0.40877733063227495,0.39761497455968986,0.4340299502376467,0.43996043173633514,0.341525,0.3306950074609369,0.15070605302080511,0.5107578920394182,0.341525,0.0,0.08245428643367064,0.999875,0.34155,0.6030181056186212,
288,suspect_models\suspect_288.safetensors,0.9224141811415553,0.9999706540122628,0.9390802235379815,0.9387990353383124,0.99985,0.6338300147354603,0.5191578669564798,0.9957918304726482,0.9998,5e-05,0.5989601734494503,0.999875,0.999875,1.0,
289,suspect_models\suspect_289.safetensors,0.9084930900260806,0.9992823409086792,0.901188449382782,0.8984441054061055,0.9993,0.6176200144615024,0.4387015078343451,0.9848782635048032,0.999225,7.5e-05,0.18497775336948494,0.999875,0.999275,0.9994003597841296,
290,suspect_models\suspect_290.safetensors,0.40050623062546364,0.38971367584325506,0.43035457065440713,0.4350363586179912,0.3345,0.3225850072450936,0.14967530981423333,0.5118966510057449,0.3345,0.0,0.07558252577407544,0.999875,0.334525,0.6004743747560574,
291,suspect_models\suspect_291.safetensors,0.8329001687083161,0.8361504933148121,0.7685520166777075,0.770041847685352,0.81585,0.6023800141226501,0.33934942173734306,0.8462784823924303,0.815775,7.5e-05,0.16587945168826634,0.999875,0.815825,0.8445589290992779,
292,suspect_models\suspect_292.safetensors,0.5193986552278511,0.537466732558251,0.5212782462328672,0.5187519076496363,0.490875,0.4131950098168105,0.1813308364036493,0.6231999637514353,0.490875,0.0,0.1096945421086419,0.999875,0.4909,0.6627015026756573,
293,suspect_models\suspect_293.safetensors,0.8035593746949918,0.744850885470165,0.5426828501544892,0.5587881496138871,0.714125,0.6231700141042471,0.1701801815116778,0.5591425010845065,0.71405,7.5e-05,0.18148268051636635,0.999875,0.714075,0.7777259293824855,
294,suspect_models\suspect_294.safetensors,0.9999999721989036,0.999999999986589,0.9999999391913414,0.9999999350607395,1.0,0.9996900000184774,0.9985461962834,0.9999947967782616,0.999875,0.000125,0.9999991436658747,0.999875,0.999875,1.0,
295,suspect_models\suspect_295.safetensors,0.9999999715492129,1.0000000000610947,0.9999999368518591,0.999999933797121,1.0,0.9996400000214577,0.9985459623888135,0.9999948273748159,0.999875,0.000125,0.9999992252134384,0.999875,0.999875,1.0,
296,suspect_models\suspect_296.safetensors,0.43634768184021816,0.28576982028945586,0.34418088972978295,0.3883279902584851,0.207775,0.299030006743595,0.12585674396269023,0.23147211890369654,0.207725,5e-05,0.05434297506833139,0.999875,0.207725,0.55798900761655,
297,suspect_models\suspect_297.safetensors,0.8773844327643514,0.9998983742333949,0.88677317571491,0.8926853773124516,0.9998,0.6186650145374238,0.44739473309628663,0.9923739300981164,0.99975,5e-05,0.40620072403832375,0.999875,0.999825,0.9999500024998751,
298,suspect_models\suspect_298.safetensors,0.9142758454963564,0.999847973459959,0.9091769949644803,0.9117916510492563,0.99975,0.6168550147168338,0.4641913156210445,0.9932798547983169,0.999725,2.5e-05,0.24142029242863164,0.999875,0.999825,0.9999500024998751,
299,suspect_models\suspect_299.safetensors,0.7852415969919413,0.7546171939907079,0.5795541898649186,0.5911860235624016,0.7184,0.5991750140998513,0.19474187730774284,0.6130271518334747,0.718325,7.5e-05,0.17059823044141745,0.999875,0.718325,0.7803050992938239,
300,suspect_models\suspect_300.safetensors,0.9979006266832352,0.9999947935327888,0.9877501629531383,0.988079198898375,0.99995,0.911245005273819,0.6905766821648925,0.9981570150747895,0.99985,0.0001,0.8961979351437692,0.999875,0.999875,1.0,
301,suspect_models\suspect_301.safetensors,0.9143865298397839,0.9996708044996485,0.9074474454753101,0.9087534882485867,0.999625,0.6142750146828592,0.45872650651689617,0.9911935382455588,0.999575,5e-05,0.2073510143094754,0.999875,0.99965,0.999775050613612,
302,suspect_models\suspect_302.safetensors,0.9045109359487892,0.9995607274249196,0.7426939641401171,0.7307367090202868,0.999875,0.6697300145208835,0.23868735345583408,0.9289851371154189,0.999825,5e-05,0.2697055180810756,0.999875,0.9999,0.9999750006249845,
303,suspect_models\suspect_303.safetensors,0.9132805673316121,0.999961204752326,0.9333251401647925,0.9345629813589156,0.9998,0.6221050147194416,0.509472564479895,0.9962460433676839,0.999775,2.5e-05,0.5903922921614964,0.999875,0.999875,1.0,
304,suspect_models\suspect_304.safetensors,0.9241330522179604,0.9999488328084349,0.9416379409641027,0.9412225302562117,0.9998,0.6369050147820264,0.5251821176724508,0.9960063801079988,0.999775,2.5e-05,0.54841221026439,0.999875,0.999875,1.0,
305,suspect_models\suspect_305.safetensors,0.9216189518034458,0.9999879683077335,0.9376826409272849,0.9376098819434643,1.0,0.6322650148794055,0.5156656102839857,0.9957368679463864,0.999875,0.000125,0.5532860697103992,0.999875,0.999875,1.0,
306,suspect_models\suspect_306.safetensors,0.919251740936935,0.996752836010477,0.8003589072979986,0.8264765696804971,0.9963,0.6860750143263489,0.3998348326287232,0.9858886706963181,0.996275,2.5e-05,0.15290382445674316,0.999875,0.996375,0.9965122072745393,
307,suspect_models\suspect_307.safetensors,0.8469731083810329,0.999922245503962,0.6495444597996771,0.6384168196707964,0.99985,0.5467450138509273,0.3753044817531481,0.9082174360543489,0.9998,5e-05,0.2690235812927897,0.999875,0.999875,1.0,
308,suspect_models\suspect_308.safetensors,0.2669174290681607,0.2137104107259901,0.3362434461932629,0.36276073464155195,0.163875,0.21893000463023782,0.1285419101530686,0.3439646856337786,0.16385,2.5e-05,0.0463743469773504,0.999875,0.163875,0.5446623093681917,
309,suspect_models\suspect_309.safetensors,0.9250679933160544,0.9999714183375239,0.9414743407987058,0.9409118274144829,0.99985,0.6322750147815793,0.5247470035111531,0.9959428302869201,0.9998,5e-05,0.6053388247108547,0.999875,0.999875,1.0,
310,suspect_models\suspect_310.safetensors,0.6181163633771707,0.4527825185087564,0.402852684789896,0.4405136369809508,0.38525,0.4646700109280646,0.13976874373108147,0.30120284773111344,0.3852,5e-05,0.08286517135349077,0.999875,0.3852,0.619319677334448,
311,suspect_models\suspect_311.safetensors,0.923752991051972,0.9999793609693647,0.9409823444470763,0.9405915327750146,0.999925,0.6345100148301571,0.5225094231855124,0.9959700862973928,0.99985,7.5e-05,0.5801854918991373,0.999875,0.9999,0.9999750006249845,
312,suspect_models\suspect_312.safetensors,0.8477486574500799,0.9999005027264357,0.650610104150325,0.6394086727648973,0.99985,0.5479550138257444,0.3775850431298837,0.9090471039950848,0.9998,5e-05,0.220959320899223,0.999875,0.999875,1.0,
313,suspect_models\suspect_313.safetensors,0.9990236985027791,0.9999981990694999,0.9951181961923837,0.9952078553289175,0.99995,0.9405000035457313,0.7721636787585914,0.9987919296219945,0.99985,0.0001,0.9602731854236529,0.999875,0.999875,1.0,
314,suspect_models\suspect_314.safetensors,0.6470246477386332,0.5348663702112317,0.44708303834609686,0.47412040447592735,0.47455,0.4953150115907192,0.14537848646380008,0.41532597887218,0.474525,2.5e-05,0.10510358834048536,0.999875,0.474525,0.6555872422722654,
315,suspect_models\suspect_315.safetensors,0.9999999886408448,0.999999999935925,0.9999999997943639,0.9999999945044518,1.0,0.9998650000080467,0.9992997495055199,0.9999975182533264,0.999875,0.000125,0.9999998167021117,0.999875,0.999875,1.0,
316,suspect_models\suspect_316.safetensors,0.6414938500864781,0.5209890089529519,0.4818562682390213,0.5049727601349354,0.4642,0.4773300110150129,0.16821936541628094,0.498344014801085,0.464125,7.5e-05,0.10927844504976052,0.999875,0.464125,0.6511476477291226,
317,suspect_models\suspect_317.safetensors,0.905952959664166,0.9999689918041229,0.9089546519737691,0.9142064818799496,0.99995,0.6102600145403295,0.4898243698916398,0.9962332048028707,0.99985,0.0001,0.5661358280105343,0.999875,0.999875,1.0,
318,suspect_models\suspect_318.safetensors,0.995516848321259,0.999996264822781,0.9869931167945266,0.9870943932890892,0.99995,0.8927500063505024,0.6820301389362663,0.9976417098894715,0.99985,0.0001,0.8820490974752712,0.999875,0.999875,1.0,
319,suspect_models\suspect_319.safetensors,0.7780081687649711,0.7490573232795592,0.5420956270202995,0.5565583642557264,0.721175,0.5914550140034407,0.17187445146795363,0.5652445572078229,0.721125,5e-05,0.16255091172548541,0.999875,0.721175,0.7820442637053258,
320,suspect_models\suspect_320.safetensors,0.9389613976180553,0.9911314307160443,0.885844468858838,0.8824168745271862,0.991,0.6978050141334534,0.38606324677839876,0.9534588250920176,0.990925,7.5e-05,0.2506785947972298,0.999875,0.990975,0.9911785112498762,
321,suspect_models\suspect_321.safetensors,0.9166907960072159,0.9999650075241924,0.9387782996870577,0.9368396734304726,0.99985,0.6134100146226585,0.5176384114013984,0.9964262171506881,0.9998,5e-05,0.6486082230036755,0.999875,0.999875,1.0,
322,suspect_models\suspect_322.safetensors,0.9240256582945585,0.9999681933239102,0.9413487718343735,0.9408842829402536,0.99985,0.6338950147278607,0.5240594576084986,0.9959609103247523,0.9998,5e-05,0.599821460943099,0.999875,0.999875,1.0,
323,suspect_models\suspect_323.safetensors,0.7377885655036662,0.8696021305860256,0.7494653820101171,0.7498675258278846,0.8525,0.5776850140031428,0.339262454033643,0.890060610999167,0.85245,5e-05,0.11199765244610167,0.999875,0.8525,0.8715546355812182,
324,suspect_models\suspect_324.safetensors,0.5449009546685033,0.3845243465303929,0.3829610387675464,0.42238487268835306,0.31415,0.39434000915661455,0.13553646937711164,0.2896863768413663,0.3141,5e-05,0.07655227177134687,0.999875,0.3141,0.5931989737657754,
325,suspect_models\suspect_325.safetensors,0.7704686845422722,0.7335735213772967,0.5651983678195626,0.578449657998234,0.700325,0.5852050138216466,0.18920084885954858,0.5943461397618055,0.700275,5e-05,0.16049262446480433,0.999875,0.7003,0.7694823307619799,
326,suspect_models\suspect_326.safetensors,0.7828586780105717,0.7092013907072542,0.5609948239773512,0.576166582595557,0.6717,0.601510013513267,0.1892893629469909,0.5893501406550408,0.671625,7.5e-05,0.1688984209124093,0.999875,0.671625,0.7528703180877094,
327,suspect_models\suspect_327.safetensors,0.9140537623882293,0.9996524548857938,0.905638412695378,0.9074220736339689,0.9996,0.6148950146984309,0.4566384317148477,0.9913876023888588,0.99955,5e-05,0.22012503841236641,0.999875,0.999625,0.999750062484379,
328,suspect_models\suspect_328.safetensors,0.570440399209666,0.662535836688951,0.5396675548009574,0.5181268604781478,0.610625,0.5095100121799856,0.15647705408409238,0.6189396123051644,0.610575,5e-05,0.1281209997190688,0.999875,0.610625,0.7198128486593485,
329,suspect_models\suspect_329.safetensors,0.5267848474108149,0.5483119140572239,0.5282745437163859,0.5257856791902333,0.501325,0.41678000994585457,0.18454481842890383,0.6300267114877701,0.5013,2.5e-05,0.11469315094751374,0.999875,0.5013,0.6673006022387935,
330,suspect_models\suspect_330.safetensors,0.06923558509540162,0.0680515687948081,0.2580784914649092,0.2960333639530465,0.03225,0.0883900015577674,0.12066944280937314,0.24277928052842618,0.032225,2.5e-05,0.013848069078376154,0.999875,0.032225,0.5082204660381674,
331,suspect_models\suspect_331.safetensors,0.9229713211223483,0.9999575491905213,0.941109312787652,0.9406207412026822,0.9999,0.6355200147327036,0.5256061487369239,0.9959075935199857,0.999825,7.5e-05,0.5631829938340238,0.999875,0.999875,1.0,
332,suspect_models\suspect_332.safetensors,0.7086645594913512,0.7921572505537597,0.6575418611142785,0.6437221925619989,0.759725,0.6043050141308457,0.2334064209939912,0.8005246720582246,0.75965,7.5e-05,0.17394605304313304,0.999875,0.759675,0.8063215610385422,
333,suspect_models\suspect_333.safetensors,0.9233879375889897,0.9999526741459965,0.9406208481375128,0.9403121834162622,0.999825,0.6333200147066266,0.5221955873831176,0.9958731374278664,0.999775,5e-05,0.5445268666111078,0.999875,0.99985,0.9999750006249845,
334,suspect_models\suspect_334.safetensors,0.9221222922280431,0.9999559014230966,0.9401095089033246,0.9399375773191452,0.99985,0.6349500147353858,0.5223482173396274,0.9958783414572477,0.9998,5e-05,0.49973015453572883,0.999875,0.999875,1.0,
335,suspect_models\suspect_335.safetensors,0.9417119341675192,0.964242938120204,0.9281885978378356,0.9284592302769422,0.959725,0.7054950137764215,0.5357709643958136,0.9611726580187678,0.959625,0.0001,0.1408744827966062,0.999875,0.95965,0.9613304813862386,
336,suspect_models\suspect_336.safetensors,0.6987780804260634,0.8759605516071096,0.6668433690790087,0.6587433684743941,0.85495,0.5413500131707638,0.25259567642500624,0.8522249062001706,0.854925,2.5e-05,0.12317600005910388,0.999875,0.855,0.8734578010699859,
337,suspect_models\suspect_337.safetensors,0.9999999716386199,0.9999999998241663,0.9999999358683824,0.9999999320060015,1.0,0.9996500000208616,0.9985327387288213,0.9999947716116905,0.999875,0.000125,0.9999992241139867,0.999875,0.999875,1.0,
338,suspect_models\suspect_338.safetensors,0.923948853905499,0.9999647462487221,0.9397925244659185,0.9392761906825006,0.99985,0.639665014738217,0.5201023351592943,0.9958163039788603,0.9998,5e-05,0.5849767361863871,0.999875,0.999875,1.0,
339,suspect_models\suspect_339.safetensors,0.8318628550309688,0.7850852095157359,0.5785501042749732,0.5918974071905017,0.76005,0.649570014154911,0.18910860984250902,0.6043898454502225,0.759975,7.5e-05,0.19730394510273236,0.999875,0.76,0.8065329166246598,
340,suspect_models\suspect_340.safetensors,0.8305014672401361,0.7830380256921228,0.5684966182436794,0.5816755710717291,0.7613,0.645760014282912,0.17948284838106482,0.5999655682697892,0.761225,7.5e-05,0.1983819965352001,0.999875,0.761275,0.8073631519457453,
341,suspect_models\suspect_341.safetensors,0.9988988902956247,0.9999982803478837,0.9952494901001453,0.9953273953258991,0.99995,0.9386700036518276,0.7725012176476419,0.9988026165917516,0.99985,0.0001,0.9585188087654747,0.999875,0.999875,1.0,
342,suspect_models\suspect_342.safetensors,0.6298049695790745,0.770853829087035,0.6096108350411057,0.5892045117978006,0.734125,0.5280950126480312,0.19494387422511353,0.7403944813296199,0.734075,5e-05,0.1350495713622604,0.999875,0.73415,0.7900610322147386,
343,suspect_models\suspect_343.safetensors,0.9410357363879681,0.9978158774149604,0.8952756718337536,0.8997598474264145,0.9979,0.7212900136865675,0.44056849288232625,0.9838118217766285,0.9978,0.0001,0.25836776872415945,0.999875,0.997825,0.9979541939024997,
344,suspect_models\suspect_344.safetensors,0.495050863214233,0.4857098589791015,0.45751213774047794,0.4498746643152088,0.416525,0.43322001042179764,0.13627320950599386,0.4837797058194876,0.416525,0.0,0.09484327016497392,0.999875,0.41655,0.6315822714856395,
345,suspect_models\suspect_345.safetensors,0.6001535645876779,0.6241855244055511,0.581012121219188,0.567069733151421,0.57775,0.48369501156546174,0.17705209331205116,0.6725406354308129,0.577675,7.5e-05,0.13868082094948714,0.999875,0.5777,0.7031483467224497,
346,suspect_models\suspect_346.safetensors,0.9829854442760348,0.9995708839501487,0.9481683164216578,0.9495315434403717,0.999575,0.7940200113616884,0.5155327838521451,0.9922271500468254,0.999475,0.0001,0.39667770854538353,0.999875,0.9995,0.9996251405722854,
347,suspect_models\suspect_347.safetensors,0.9259250949770212,0.9999353749888018,0.9408796551898122,0.9405901682659984,0.999775,0.6329950147926807,0.5214832341402769,0.9959690849035978,0.99975,2.5e-05,0.5578677824891913,0.999875,0.99985,0.9999750006249845,
348,suspect_models\suspect_348.safetensors,0.991298522618413,0.9999814873099327,0.9760437003672123,0.9754368260264397,0.9999,0.8635400079794228,0.6051497988399118,0.9948234597638249,0.999825,7.5e-05,0.7508301434106273,0.999875,0.999875,1.0,
349,suspect_models\suspect_349.safetensors,0.8543787955516949,0.8856526260761136,0.8162795407287776,0.817202734278515,0.869875,0.610210014308244,0.38953276210082693,0.8876784171774983,0.8698,7.5e-05,0.1211087761597768,0.999875,0.86985,0.8849361739784519,
350,suspect_models\suspect_350.safetensors,0.8376987973729149,0.7921434990184687,0.5817719857163727,0.5943712261807174,0.769925,0.6553550141863524,0.1900682369178161,0.6094227080628276,0.76985,7.5e-05,0.19791462887043995,0.999875,0.769875,0.8130081300813008,
351,suspect_models\suspect_351.safetensors,0.9251726806402206,0.9999915378794074,0.9411579608380795,0.940609497256577,0.999975,0.6362000146910548,0.5238415548302233,0.9959497704207897,0.999875,0.0001,0.5790223306719027,0.999875,0.9999,0.9999750006249845,
352,suspect_models\suspect_352.safetensors,0.9999999889925122,1.0000000001564622,0.9999999990880489,0.9999999941468238,1.0,0.9998700000077486,0.9992895955428481,0.9999974994197488,0.999875,0.000125,0.9999998144009145,0.999875,0.999875,1.0,
353,suspect_models\suspect_353.safetensors,0.9263108997151256,0.9999585282161831,0.9418233935311436,0.9414130826875567,0.9998,0.6332700147777796,0.5227411027787253,0.9960240740045905,0.999775,2.5e-05,0.5507748181665792,0.999875,0.999875,1.0,
354,suspect_models\suspect_354.safetensors,0.828325013384968,0.7797195432709978,0.5985739088814706,0.6096059545189142,0.752125,0.6383400140363723,0.20054217003984376,0.6381112390533089,0.752075,5e-05,0.19429359230998575,0.999875,0.752125,0.8014425966740133,
355,suspect_models\suspect_355.safetensors,0.3408546465391875,0.23122748157857878,0.31832060067728163,0.3659840490527451,0.15415,0.2396150052253157,0.11849951150063426,0.15077541181743145,0.15415,0.0,0.04346599998224182,0.999875,0.15415,0.5417925205542538,
356,suspect_models\suspect_356.safetensors,0.6405309791600564,0.5395469596715782,0.482236335593462,0.5047841874461622,0.4822,0.47650501133799555,0.16652172121098266,0.49081127711832523,0.4821,0.0001,0.10537008288664759,0.999875,0.4821,0.6588591853206174,
357,suspect_models\suspect_357.safetensors,0.9152283334046603,0.999779275432229,0.9079348200105131,0.9095431214652956,0.9998,0.612960014680773,0.461210619045794,0.9916033476591111,0.999725,7.5e-05,0.2143098909916006,0.999875,0.999775,0.9999000099990001,
358,suspect_models\suspect_358.safetensors,0.9999999949663877,1.0000000004768372,1.0000000124931336,1.0000000124931336,1.0,1.0,1.0,1.0,0.999875,0.000125,0.9999999999999998,0.999875,0.999875,1.0,
359,suspect_models\suspect_359.safetensors,0.9240715664297342,0.9999787918299436,0.9401321631006897,0.9397626464568078,0.99995,0.6346850147131831,0.5200795449716971,0.9958338784724474,0.99985,0.0001,0.5534653729025729,0.999875,0.999875,1.0,
